2025/08/10 09:31:57 main.go:22: INFO start  user=""
time=2025-08-10T12:44:55.400Z level=INFO msg="debug mode Logging started" file=logs/app.log
time=2025-08-10T12:47:33.143Z level=INFO msg="debug mode Logging start" file=logs/app.log
time=2025-08-10T12:49:23.797Z level=INFO msg="debug mode Logging start" file=logs/app.log
time=2025-08-10T12:49:27.473Z level=INFO msg="start " user=""
time=2025-08-10T12:49:28.356Z level=DEBUG msg="debug start " user=""
time=2025-08-10T13:05:22.791Z level=INFO msg="debug mode Logging start" file=logs/app.log
time=2025-08-10T13:05:25.926Z level=INFO msg="start " user=""
time=2025-08-10T13:05:27.602Z level=DEBUG msg="debug start " user=""
time=2025-08-10T13:09:15.721Z level=INFO msg="debug mode Logging start" file=logs/app.log
time=2025-08-10T13:09:15.721Z level=INFO msg="start " user=""
time=2025-08-10T13:09:15.721Z level=DEBUG msg="debug start " user=""
time=2025-08-10T13:09:15.722Z level=INFO msg="Server start on port" port=8881
time=2025-08-10T13:18:36.326Z level=INFO msg="debug mode Logging start" file=logs/app.log
time=2025-08-10T13:18:36.327Z level=INFO msg="start " user=""
time=2025-08-10T13:18:36.327Z level=DEBUG msg="debug start " user=""
time=2025-08-10T13:18:36.327Z level=INFO msg="Server start on port" port=8881
time=2025-08-10T13:20:15.982Z level=INFO msg="debug mode Logging start" file=logs/app.log
time=2025-08-10T13:20:15.982Z level=INFO msg="start " user=""
time=2025-08-10T13:20:15.982Z level=DEBUG msg="debug start " user=""
time=2025-08-10T13:20:15.982Z level=INFO msg="Server start on port" port=8881
time=2025-08-10T13:26:33.209Z level=INFO msg="debug mode Logging start" file=logs/app.log
time=2025-08-10T13:26:33.209Z level=INFO msg="start " user=""
time=2025-08-10T13:26:33.209Z level=DEBUG msg="debug start " user=""
time=2025-08-10T13:26:33.209Z level=INFO msg="Server start on port" port=8881
time=2025-08-10T14:07:16.603Z level=INFO msg="debug mode Logging start" file=logs/app.log
time=2025-08-10T14:07:16.605Z level=INFO msg="start " user=""
time=2025-08-10T14:07:16.606Z level=DEBUG msg="debug start " user=""
time=2025-08-10T14:07:16.607Z level=INFO msg="Server start on port" port=8881
time=2025-08-10T14:09:48.411Z level=INFO msg="debug mode Logging start" file=logs/app.log
time=2025-08-10T14:09:48.412Z level=INFO msg="start " user=""
time=2025-08-10T14:09:48.412Z level=DEBUG msg="debug start " user=""
time=2025-08-10T14:09:48.412Z level=INFO msg="Server start " port=8881
time=2025-08-10T14:17:48.963Z level=INFO msg="debug mode Logging start" file=logs/app.log
time=2025-08-10T14:17:48.963Z level=INFO msg="start " file=/usr/local/go/src/runtime/proc.go line=283 pc=4496998
time=2025-08-10T14:17:48.963Z level=DEBUG msg="debug start " file=""
time=2025-08-10T14:17:48.963Z level=INFO msg="Server start " port=8881
time=2025-08-10T14:30:56.255Z level=INFO msg="debug mode Logging start" file=logs/app.log
time=2025-08-10T14:30:56.255Z level=INFO msg="start " file=/usr/local/go/src/runtime/proc.go line=283 pc=4496998
time=2025-08-10T14:30:56.255Z level=DEBUG msg="debug start " file=""
time=2025-08-10T14:30:56.255Z level=INFO msg="Server start " port=8881
time=2025-08-10T14:31:31.395Z level=INFO msg="debug mode Logging start" file=logs/app.log
time=2025-08-10T14:31:31.396Z level=INFO msg="start " file=/usr/local/go/src/runtime/proc.go line=283 pc=4496998
time=2025-08-10T14:31:31.396Z level=DEBUG msg="debug start " file=""
time=2025-08-10T14:31:31.396Z level=INFO msg="Server start " port=8881
time=2025-08-10T14:35:06.736Z level=INFO msg="debug mode Logging start" file=logs/app.log
time=2025-08-10T14:35:06.736Z level=INFO msg="start " file=/opt/go/main.go line=43 funcName=main.main
time=2025-08-10T14:35:06.736Z level=DEBUG msg="debug start " file=""
time=2025-08-10T14:35:06.736Z level=INFO msg="Server start " port=8881
time=2025-08-10T14:39:45.562Z level=DEBUG msg="debug Logging start" output=multi file=logs/app.log
time=2025-08-10T14:39:45.563Z level=DEBUG msg="start " file=/opt/go/main.go line=43 funcName=main.main
time=2025-08-10T14:39:45.563Z level=INFO msg="start Server " port=8881
time=2025-08-10T14:42:56.775Z level=DEBUG msg="debug Logging start" output=multi file=logs/app.log
time=2025-08-10T14:42:56.778Z level=DEBUG msg="start " file=/opt/go/main.go line=43 funcName=main.main
time=2025-08-10T14:42:56.779Z level=DEBUG msg="start " file=main.go line=45 funcName=main
time=2025-08-10T14:42:56.780Z level=INFO msg="start Server " port=8881
time=2025-08-10T23:01:13.037Z level=DEBUG msg="debug Logging start" output=multi file=logs/app.log
time=2025-08-10T23:01:13.037Z level=DEBUG msg="start " file=/opt/go/main.go line=43 funcName=main.main
time=2025-08-10T23:01:13.037Z level=DEBUG msg="start " file=main.go line=45 funcName=main
time=2025-08-10T23:01:13.038Z level=INFO msg="start Server " port=8881
time=2025-08-10T23:03:05.991Z level=DEBUG msg="debug Logging start" output=multi file=logs/app.log
time=2025-08-10T23:03:55.988Z level=DEBUG msg="start " file=/opt/go/main.go line=43 funcName=main.main
time=2025-08-10T23:03:57.036Z level=DEBUG msg="start " file=main.go line=45 funcName=main
time=2025-08-10T23:03:57.052Z level=INFO msg="start Server " port=8881
time=2025-08-10T23:05:28.513Z level=DEBUG msg="debug Logging start" output=multi file=logs/app.log
time=2025-08-10T23:05:31.538Z level=DEBUG msg="start " file=/opt/go/main.go line=43 funcName=main.main
time=2025-08-10T23:05:31.586Z level=DEBUG msg="start " file=main.go line=45 funcName=main
time=2025-08-10T23:05:31.589Z level=INFO msg="start Server " port=8881
time=2025-08-10T23:32:35.157Z level=DEBUG msg="debug Logging start" output=multi file=logs/app.log
time=2025-08-10T23:32:44.012Z level=DEBUG msg="start " file=/opt/go/main.go line=43 funcName=main.main
time=2025-08-10T23:32:44.013Z level=DEBUG msg="start " file=main.go line=45 funcName=main
time=2025-08-10T23:32:44.013Z level=INFO msg="start Server " port=8881
time=2025-08-11T00:20:58.014Z level=DEBUG msg="debug Logging start" output=multi file=logs/app.log
time=2025-08-11T00:20:58.014Z level=DEBUG msg="start " file=/opt/go/main.go line=41 funcName=main.main
time=2025-08-11T00:20:58.014Z level=DEBUG msg="DB access init " funcName=go-sample-todo/app/models.InitDb file=/opt/go/app/models/base.go line=29
time=2025-08-11T00:20:58.014Z level=DEBUG msg="DB access init " con="golang:golang@tcp(db:3306)/golang?charset=utf8mb4&parseTime=True&loc=Asia%2FTokyo" func=go-sample-todo/app/models.InitDb file=/opt/go/app/models/base.go line=44
time=2025-08-11T00:20:58.045Z level=INFO msg="start Server " port=8881
time=2025-08-11T00:23:13.015Z level=INFO msg="info Logging start" output=multi file=logs/app.log
time=2025-08-11T00:23:13.046Z level=INFO msg="start Server " port=8881
time=2025-08-11T00:25:50.013Z level=DEBUG msg="debug Logging start" output=multi file=logs/app.log
time=2025-08-11T00:25:50.014Z level=DEBUG msg="start " file=/opt/go/main.go line=41 funcName=main.main
time=2025-08-11T00:25:50.014Z level=DEBUG msg="DB access init " funcName=go-sample-todo/app/models.InitDb file=/opt/go/app/models/base.go line=29
time=2025-08-11T00:25:50.014Z level=DEBUG msg="DB access init " con="golang:golang@tcp(db:3306)/golang?charset=utf8mb4&parseTime=True&loc=Asia%2FTokyo" func=go-sample-todo/app/models.InitDb file=/opt/go/app/models/base.go line=44
time=2025-08-11T00:25:50.046Z level=INFO msg="start Server " port=8881
time=2025-08-11T00:39:55.555Z level=DEBUG msg="debug Logging start" output=multi file=logs/app.log
time=2025-08-11T00:39:55.555Z level=DEBUG msg="start " file=/opt/go/main.go line=41 funcName=main.main
time=2025-08-11T00:39:55.555Z level=DEBUG msg="DB access init " funcName=go-sample-todo/app/models.InitDb file=/opt/go/app/models/base.go line=29
time=2025-08-11T00:39:55.555Z level=DEBUG msg="DB access init " con="golang:golang@tcp(db:3306)/golang?charset=utf8mb4&parseTime=True&loc=Asia%2FTokyo" func=go-sample-todo/app/models.InitDb file=/opt/go/app/models/base.go line=44
time=2025-08-11T00:39:55.584Z level=INFO msg="start Server " port=8881
time=2025-08-11T00:50:34.758Z level=DEBUG msg="debug Logging start" output=multi file=logs/app.log
time=2025-08-11T00:50:34.758Z level=DEBUG msg="start " file=/opt/go/main.go line=40 funcName=main.main
time=2025-08-11T00:50:34.758Z level=DEBUG msg="DB access init " funcName=go-sample-todo/app/models.InitDb file=/opt/go/app/models/base.go line=29
time=2025-08-11T00:50:34.758Z level=DEBUG msg="DB access init " con="golang:golang@tcp(db:3306)/golang?charset=utf8mb4&parseTime=True&loc=Asia%2FTokyo" func=go-sample-todo/app/models.InitDb file=/opt/go/app/models/base.go line=44
time=2025-08-11T00:50:34.787Z level=INFO msg="start Server " port=8881
time=2025-08-11T00:59:29.366Z level=DEBUG msg="debug Logging start" output=multi file=logs/app.log
time=2025-08-11T00:59:29.369Z level=DEBUG msg="start " file=/opt/go/main.go line=40 funcName=main.main
time=2025-08-11T00:59:29.369Z level=DEBUG msg="DB access init " funcName=go-sample-todo/app/models.InitDb file=/opt/go/app/models/base.go line=29
time=2025-08-11T00:59:29.369Z level=DEBUG msg="DB access init " con="golang:golang@tcp(db:3306)/golang?charset=utf8mb4&parseTime=True&loc=Asia%2FTokyo" func=go-sample-todo/app/models.InitDb file=/opt/go/app/models/base.go line=44
time=2025-08-11T00:59:29.429Z level=INFO msg="start Server " port=8881
time=2025-08-11T01:03:37.665Z level=DEBUG msg="debug Logging start" output=multi file=logs/app.log
time=2025-08-11T01:03:37.666Z level=DEBUG msg="start " file=/opt/go/main.go line=40 funcName=main.main
time=2025-08-11T01:03:37.666Z level=DEBUG msg="DB access init " funcName=go-sample-todo/app/models.InitDb file=/opt/go/app/models/base.go line=29
time=2025-08-11T01:03:37.666Z level=DEBUG msg="DB access init " con="golang:golang@tcp(db:3306)/golang?charset=utf8mb4&parseTime=True&loc=Asia%2FTokyo" func=go-sample-todo/app/models.InitDb file=/opt/go/app/models/base.go line=44
time=2025-08-11T01:03:37.698Z level=INFO msg="start Server " port=8881
time=2025-08-11T01:08:52.848Z level=DEBUG msg="debug Logging start" output=multi file=logs/app.log
time=2025-08-11T01:08:52.849Z level=DEBUG msg="start " file=/opt/go/main.go line=40 funcName=main.main
time=2025-08-11T01:08:52.849Z level=DEBUG msg="DB access init " funcName=go-sample-todo/app/models.InitDb file=/opt/go/app/models/base.go line=29
time=2025-08-11T01:08:52.849Z level=DEBUG msg="DB access init " con="golang:golang@tcp(db:3306)/golang?charset=utf8mb4&parseTime=True&loc=Asia%2FTokyo" func=go-sample-todo/app/models.InitDb file=/opt/go/app/models/base.go line=44
time=2025-08-11T01:08:52.883Z level=INFO msg="start Server " port=8881
time=2025-08-11T01:12:29.743Z level=DEBUG msg="debug Logging start" output=multi file=logs/app.log
time=2025-08-11T01:12:29.743Z level=DEBUG msg="start " file=/opt/go/main.go line=40 funcName=main.main
time=2025-08-11T01:12:29.744Z level=DEBUG msg="DB access init " funcName=go-sample-todo/app/models.InitDb file=/opt/go/app/models/base.go line=29
time=2025-08-11T01:12:29.744Z level=DEBUG msg="DB access init " con="golang:golang@tcp(db:3306)/golang?charset=utf8mb4&parseTime=True&loc=Asia%2FTokyo" func=go-sample-todo/app/models.InitDb file=/opt/go/app/models/base.go line=44
time=2025-08-11T01:12:29.767Z level=INFO msg="start Server " port=8881
time=2025-08-11T01:16:15.560Z level=DEBUG msg="debug Logging start" output=multi file=logs/app.log
time=2025-08-11T01:16:15.561Z level=DEBUG msg="start " file=/opt/go/main.go line=40 funcName=main.main
time=2025-08-11T01:16:15.561Z level=DEBUG msg="DB access init " funcName=go-sample-todo/app/models.InitDb file=/opt/go/app/models/base.go line=29
time=2025-08-11T01:16:15.561Z level=DEBUG msg="DB access init " con="golang:golang@tcp(db:3306)/golang?charset=utf8mb4&parseTime=True&loc=Asia%2FTokyo" func=go-sample-todo/app/models.InitDb file=/opt/go/app/models/base.go line=44
time=2025-08-11T01:16:15.592Z level=INFO msg="start Server " port=8881
time=2025-08-11T01:17:59.149Z level=DEBUG msg="debug Logging start" output=multi file=logs/app.log
time=2025-08-11T01:17:59.149Z level=DEBUG msg="start " file=/opt/go/main.go line=40 funcName=main.main
time=2025-08-11T01:17:59.149Z level=DEBUG msg="DB access init " funcName=go-sample-todo/app/models.InitDb file=/opt/go/app/models/base.go line=29
time=2025-08-11T01:17:59.149Z level=DEBUG msg="DB access init " con="golang:golang@tcp(db:3306)/golang?charset=utf8mb4&parseTime=True&loc=Asia%2FTokyo" func=go-sample-todo/app/models.InitDb file=/opt/go/app/models/base.go line=44
time=2025-08-11T01:17:59.180Z level=INFO msg="start Server " port=8881
time=2025-08-11T01:21:28.788Z level=DEBUG msg="debug Logging start" output=multi file=logs/app.log
time=2025-08-11T01:21:28.788Z level=DEBUG msg="start " file=/opt/go/main.go line=40 funcName=main.main
time=2025-08-11T01:21:28.788Z level=DEBUG msg="DB access init " funcName=go-sample-todo/app/models.InitDb file=/opt/go/app/models/base.go line=29
time=2025-08-11T01:21:28.788Z level=DEBUG msg="DB access init " con="golang:golang@tcp(db:3306)/golang?charset=utf8mb4&parseTime=True&loc=Asia%2FTokyo" func=go-sample-todo/app/models.InitDb file=/opt/go/app/models/base.go line=44
time=2025-08-11T01:21:28.822Z level=INFO msg="start Server " port=8881
time=2025-08-11T01:26:35.759Z level=DEBUG msg="debug Logging start" output=multi file=logs/app.log
time=2025-08-11T01:26:35.759Z level=DEBUG msg="start " file=/opt/go/main.go line=40 funcName=main.main
time=2025-08-11T01:26:35.761Z level=DEBUG msg="DB access init " funcName=go-sample-todo/app/models.InitDb file=/opt/go/app/models/base.go line=29
time=2025-08-11T01:26:35.761Z level=DEBUG msg="DB access init " con="golang:golang@tcp(db:3306)/golang?charset=utf8mb4&parseTime=True&loc=Asia%2FTokyo" func=go-sample-todo/app/models.InitDb file=/opt/go/app/models/base.go line=44
time=2025-08-11T01:26:35.806Z level=INFO msg="start Server " port=8881
time=2025-08-11T09:05:47.886Z level=DEBUG msg="debug Logging start" output=multi file=logs/app.log
time=2025-08-11T09:05:47.888Z level=DEBUG msg="start " file=/opt/go/main.go line=40 funcName=main.main
time=2025-08-11T09:05:47.888Z level=DEBUG msg="DB access init " funcName=go-sample-todo/app/models.InitDb file=/opt/go/app/models/base.go line=29
time=2025-08-11T09:05:47.888Z level=DEBUG msg="DB access init " con="golang:golang@tcp(db:3306)/golang?charset=utf8mb4&parseTime=True&loc=Asia%2FTokyo" func=go-sample-todo/app/models.InitDb file=/opt/go/app/models/base.go line=44
time=2025-08-11T09:05:47.950Z level=INFO msg="start Server " port=8881
time=2025-08-12T00:11:19.945Z level=DEBUG msg="debug Logging start" output=multi file=logs/app.log
time=2025-08-12T00:11:19.946Z level=DEBUG msg="start " file=/opt/go/main.go line=40 funcName=main.main
time=2025-08-12T00:11:19.946Z level=DEBUG msg="DB access init " funcName=go-sample-todo/app/models.InitDb file=/opt/go/app/models/base.go line=29
time=2025-08-12T00:11:19.946Z level=DEBUG msg="DB access init " con="golang:golang@tcp(db:3306)/golang?charset=utf8mb4&parseTime=True&loc=Asia%2FTokyo" func=go-sample-todo/app/models.InitDb file=/opt/go/app/models/base.go line=44
time=2025-08-12T00:11:19.984Z level=INFO msg="start Server " port=8881
time=2025-08-12T13:47:36.128Z level=DEBUG msg="debug Logging start" output=multi file=logs/app.log
time=2025-08-12T13:47:36.128Z level=DEBUG msg="start " file=/opt/go/main.go line=40 funcName=main.main
time=2025-08-12T13:47:36.129Z level=DEBUG msg="DB access init " funcName=go-sample-todo/app/models.InitDb file=/opt/go/app/models/base.go line=30
time=2025-08-12T13:47:36.130Z level=DEBUG msg="DB access init " con="golang:golang@tcp(db:3306)/golang?charset=utf8mb4&parseTime=True&loc=Asia%2FTokyo" func=go-sample-todo/app/models.InitDb file=/opt/go/app/models/base.go line=45
time=2025-08-12T13:47:36.193Z level=INFO msg="start Server " port=8881
time=2025-08-12T14:10:37.526Z level=DEBUG msg="debug Logging start" output=multi file=logs/app.log
time=2025-08-12T14:10:37.526Z level=DEBUG msg="start " file=/opt/go/main.go line=40 funcName=main.main
time=2025-08-12T14:10:37.526Z level=DEBUG msg="DB access init " funcName=go-sample-todo/app/models.InitDb file=/opt/go/app/models/base.go line=29
time=2025-08-12T14:10:37.527Z level=DEBUG msg="DB access init " con="golang:golang@tcp(db:3306)/golang?charset=utf8mb4&parseTime=True&loc=Asia%2FTokyo" func=go-sample-todo/app/models.InitDb file=/opt/go/app/models/base.go line=44
time=2025-08-12T14:10:37.559Z level=INFO msg="start Server " port=8881
2025/08/12 14:15:18 server.go:3640: http: panic serving [::1]:58278: interface conversion: error is nil, not validator.ValidationErrors
goroutine 6 [running]:
net/http.(*conn).serve.func1()
	/usr/local/go/src/net/http/server.go:1947 +0x13f
panic({0xd601e0?, 0xc00028eff0?})
	/usr/local/go/src/runtime/panic.go:792 +0x136
go-sample-todo/app/controllers.authenticate({0xe58598, 0xc000000380}, 0xc00033c280)
	/opt/go/app/controllers/route_auth.go:97 +0xd10
net/http.HandlerFunc.ServeHTTP(0xe14ef8, {0xe58598, 0xc000000380}, 0xc00033c280)
	/usr/local/go/src/net/http/server.go:2294 +0x33
net/http.(*ServeMux).ServeHTTP(0x11f5cc0, {0xe58598, 0xc000000380}, 0xc00033c280)
	/usr/local/go/src/net/http/server.go:2822 +0x3c2
net/http.serverHandler.ServeHTTP({0xc00031e000}, {0xe58598, 0xc000000380}, 0xc00033c280)
	/usr/local/go/src/net/http/server.go:3301 +0x257
net/http.(*conn).serve(0xc000336360, {0xe58ea0, 0xc00030ec30})
	/usr/local/go/src/net/http/server.go:2102 +0x1b75
created by net/http.(*Server).Serve in goroutine 1
	/usr/local/go/src/net/http/server.go:3454 +0xa9a
2025/08/12 14:15:54 server.go:3640: http: panic serving [::1]:55752: interface conversion: error is nil, not validator.ValidationErrors
goroutine 36 [running]:
net/http.(*conn).serve.func1()
	/usr/local/go/src/net/http/server.go:1947 +0x13f
panic({0xd601e0?, 0xc00028f380?})
	/usr/local/go/src/runtime/panic.go:792 +0x136
go-sample-todo/app/controllers.authenticate({0xe58598, 0xc0002b60e0}, 0xc0002a4140)
	/opt/go/app/controllers/route_auth.go:97 +0xd10
net/http.HandlerFunc.ServeHTTP(0xe14ef8, {0xe58598, 0xc0002b60e0}, 0xc0002a4140)
	/usr/local/go/src/net/http/server.go:2294 +0x33
net/http.(*ServeMux).ServeHTTP(0x11f5cc0, {0xe58598, 0xc0002b60e0}, 0xc0002a4140)
	/usr/local/go/src/net/http/server.go:2822 +0x3c2
net/http.serverHandler.ServeHTTP({0xc00031e000}, {0xe58598, 0xc0002b60e0}, 0xc0002a4140)
	/usr/local/go/src/net/http/server.go:3301 +0x257
net/http.(*conn).serve(0xc0002a6090, {0xe58ea0, 0xc0002902d0})
	/usr/local/go/src/net/http/server.go:2102 +0x1b75
created by net/http.(*Server).Serve in goroutine 1
	/usr/local/go/src/net/http/server.go:3454 +0xa9a
time=2025-08-12T14:17:03.883Z level=DEBUG msg="debug Logging start" output=multi file=logs/app.log
time=2025-08-12T14:17:03.883Z level=DEBUG msg="start " file=/opt/go/main.go line=40 funcName=main.main
time=2025-08-12T14:17:03.884Z level=DEBUG msg="DB access init " funcName=go-sample-todo/app/models.InitDb file=/opt/go/app/models/base.go line=29
time=2025-08-12T14:17:03.884Z level=DEBUG msg="DB access init " con="golang:golang@tcp(db:3306)/golang?charset=utf8mb4&parseTime=True&loc=Asia%2FTokyo" func=go-sample-todo/app/models.InitDb file=/opt/go/app/models/base.go line=44
time=2025-08-12T14:17:03.908Z level=INFO msg="start Server " port=8881
2025/08/12 14:18:22 route_auth.go:106: sql: no rows in result set
2025/08/12 14:18:31 server.go:3640: http: superfluous response.WriteHeader call from go-sample-todo/app/controllers.authenticate (route_auth.go:122)
time=2025-08-12T14:31:37.987Z level=DEBUG msg="debug Logging start" output=multi file=logs/app.log
time=2025-08-12T14:31:37.988Z level=DEBUG msg="start " file=/opt/go/main.go line=40 funcName=main.main
time=2025-08-12T14:31:37.988Z level=DEBUG msg="DB access init " funcName=go-sample-todo/app/models.InitDb file=/opt/go/app/models/base.go line=29
time=2025-08-12T14:31:37.988Z level=DEBUG msg="DB access init " con="golang:golang@tcp(db:3306)/golang?charset=utf8mb4&parseTime=True&loc=Asia%2FTokyo" func=go-sample-todo/app/models.InitDb file=/opt/go/app/models/base.go line=44
time=2025-08-12T14:31:38.022Z level=INFO msg="start Server " port=8881
2025/08/12 14:32:41 route_auth.go:106: sql: no rows in result set
2025/08/12 14:32:41 server.go:3640: http: superfluous response.WriteHeader call from go-sample-todo/app/controllers.authenticate (route_auth.go:122)
2025/08/12 14:39:45 route_auth.go:106: sql: no rows in result set
2025/08/12 14:39:45 server.go:3640: http: superfluous response.WriteHeader call from go-sample-todo/app/controllers.authenticate (route_auth.go:122)
time=2025-08-12T14:40:30.397Z level=DEBUG msg="debug Logging start" output=multi file=logs/app.log
time=2025-08-12T14:40:30.398Z level=DEBUG msg="start " file=/opt/go/main.go line=40 funcName=main.main
time=2025-08-12T14:40:30.398Z level=DEBUG msg="DB access init " funcName=go-sample-todo/app/models.InitDb file=/opt/go/app/models/base.go line=29
time=2025-08-12T14:40:30.398Z level=DEBUG msg="DB access init " con="golang:golang@tcp(db:3306)/golang?charset=utf8mb4&parseTime=True&loc=Asia%2FTokyo" func=go-sample-todo/app/models.InitDb file=/opt/go/app/models/base.go line=44
time=2025-08-12T14:40:30.436Z level=INFO msg="start Server " port=8881
time=2025-08-12T14:40:49.958Z level=DEBUG msg="login validation error " field=Email tag=min param=8 file=/opt/go/app/controllers/route_auth.go func=go-sample-todo/app/controllers.authenticate line=100
time=2025-08-12T14:40:53.641Z level=DEBUG msg="login validation error " field=Password tag=min param=8 file=/opt/go/app/controllers/route_auth.go func=go-sample-todo/app/controllers.authenticate line=100
2025/08/12 14:40:58 route_auth.go:110: sql: no rows in result set
2025/08/12 14:40:58 server.go:3640: http: superfluous response.WriteHeader call from go-sample-todo/app/controllers.authenticate (route_auth.go:126)
time=2025-08-12T14:45:38.245Z level=DEBUG msg="debug Logging start" output=multi file=logs/app.log
time=2025-08-12T14:45:38.246Z level=DEBUG msg="start " file=/opt/go/main.go line=40 funcName=main.main
time=2025-08-12T14:45:38.247Z level=DEBUG msg="DB access init " funcName=go-sample-todo/app/models.InitDb file=/opt/go/app/models/base.go line=29
time=2025-08-12T14:45:38.248Z level=DEBUG msg="DB access init " con="golang:golang@tcp(db:3306)/golang?charset=utf8mb4&parseTime=True&loc=Asia%2FTokyo" func=go-sample-todo/app/models.InitDb file=/opt/go/app/models/base.go line=44
time=2025-08-12T14:45:38.288Z level=INFO msg="start Server " port=8881
time=2025-08-12T14:45:55.323Z level=DEBUG msg="login Validation successful! " user=yamanaka@binosys.net file=/opt/go/app/controllers/route_auth.go func=go-sample-todo/app/controllers.authenticate line=105
time=2025-08-12T15:01:18.197Z level=DEBUG msg="login validation error " field=Email tag=min param=8 file=/opt/go/app/controllers/route_auth.go func=go-sample-todo/app/controllers.authenticate line=99
time=2025-08-12T15:01:22.064Z level=DEBUG msg="login validation error " field=Password tag=min param=8 file=/opt/go/app/controllers/route_auth.go func=go-sample-todo/app/controllers.authenticate line=99
2025/08/12 15:01:32 route_auth.go:112: sql: no rows in result set
2025/08/12 15:01:32 server.go:3640: http: superfluous response.WriteHeader call from go-sample-todo/app/controllers.authenticate (route_auth.go:113)
2025/08/12 15:01:32 server.go:3640: http: superfluous response.WriteHeader call from go-sample-todo/app/controllers.authenticate (route_auth.go:128)
time=2025-08-12T15:03:00.919Z level=DEBUG msg="debug Logging start" output=multi file=logs/app.log
time=2025-08-12T15:03:00.920Z level=DEBUG msg="start " file=/opt/go/main.go line=40 funcName=main.main
time=2025-08-12T15:03:00.920Z level=DEBUG msg="DB access init " funcName=go-sample-todo/app/models.InitDb file=/opt/go/app/models/base.go line=29
time=2025-08-12T15:03:00.920Z level=DEBUG msg="DB access init " con="golang:golang@tcp(db:3306)/golang?charset=utf8mb4&parseTime=True&loc=Asia%2FTokyo" func=go-sample-todo/app/models.InitDb file=/opt/go/app/models/base.go line=44
time=2025-08-12T15:03:00.948Z level=INFO msg="start Server " port=8881
time=2025-08-12T15:03:20.902Z level=DEBUG msg="login validation error " field=Email tag=min param=8 file=/opt/go/app/controllers/route_auth.go func=go-sample-todo/app/controllers.validateAuthenticate line=101
time=2025-08-12T15:03:23.960Z level=DEBUG msg="login validation error " field=Password tag=min param=8 file=/opt/go/app/controllers/route_auth.go func=go-sample-todo/app/controllers.validateAuthenticate line=101
2025/08/12 15:03:51 route_auth.go:120: sql: no rows in result set
2025/08/12 15:03:51 server.go:3640: http: superfluous response.WriteHeader call from go-sample-todo/app/controllers.authenticate (route_auth.go:121)
2025/08/12 15:03:51 server.go:3640: http: superfluous response.WriteHeader call from go-sample-todo/app/controllers.authenticate (route_auth.go:136)
time=2025-08-12T15:04:09.950Z level=DEBUG msg="debug Logging start" output=multi file=logs/app.log
time=2025-08-12T15:04:09.951Z level=DEBUG msg="start " file=/opt/go/main.go line=40 funcName=main.main
time=2025-08-12T15:04:09.951Z level=DEBUG msg="DB access init " funcName=go-sample-todo/app/models.InitDb file=/opt/go/app/models/base.go line=29
time=2025-08-12T15:04:09.951Z level=DEBUG msg="DB access init " con="golang:golang@tcp(db:3306)/golang?charset=utf8mb4&parseTime=True&loc=Asia%2FTokyo" func=go-sample-todo/app/models.InitDb file=/opt/go/app/models/base.go line=44
time=2025-08-12T15:04:09.980Z level=INFO msg="start Server " port=8881
time=2025-08-12T15:04:28.342Z level=DEBUG msg="login validation error " field=Email tag=min param=8 file=/opt/go/app/controllers/route_auth.go func=go-sample-todo/app/controllers.validateAuthenticate line=101
time=2025-08-12T15:04:31.887Z level=DEBUG msg="login validation error " field=Password tag=min param=8 file=/opt/go/app/controllers/route_auth.go func=go-sample-todo/app/controllers.validateAuthenticate line=101
time=2025-08-13T00:32:13.679Z level=DEBUG msg="debug Logging start" output=multi file=logs/app.log
time=2025-08-13T00:32:13.682Z level=DEBUG msg="start " file=/opt/go/main.go line=40 funcName=main.main
time=2025-08-13T00:32:13.682Z level=DEBUG msg="DB access init " funcName=go-sample-todo/app/models.InitDb file=/opt/go/app/models/base.go line=29
time=2025-08-13T00:32:13.682Z level=DEBUG msg="DB access init " con="golang:golang@tcp(db:3306)/golang?charset=utf8mb4&parseTime=True&loc=Asia%2FTokyo" func=go-sample-todo/app/models.InitDb file=/opt/go/app/models/base.go line=44
time=2025-08-13T00:32:13.921Z level=INFO msg="start Server " port=8881
time=2025-08-13T00:32:36.712Z level=DEBUG msg="login validation error " message="Key: 'LoginUser.Email' Error:Field validation for 'Email' failed on the 'min' tag" field=Email tag=min param=8 file=/opt/go/app/controllers/route_auth.go func=go-sample-todo/app/controllers.validateAuthenticate line=104
time=2025-08-13T00:32:36.712Z level=DEBUG msg="login validation error " message="Key: 'LoginUser.Password' Error:Field validation for 'Password' failed on the 'min' tag" field=Password tag=min param=8 file=/opt/go/app/controllers/route_auth.go func=go-sample-todo/app/controllers.validateAuthenticate line=104
time=2025-08-13T14:38:41.995Z level=DEBUG msg="debug Logging start" output=multi file=logs/app.log
time=2025-08-13T14:38:42.000Z level=DEBUG msg="start " file=/opt/go/main.go line=40 funcName=main.main
time=2025-08-13T14:38:42.000Z level=DEBUG msg="DB access init " funcName=go-sample-todo/app/models.InitDb file=/opt/go/app/models/base.go line=29
time=2025-08-13T14:38:42.000Z level=DEBUG msg="DB access init " con="golang:golang@tcp(db:3306)/golang?charset=utf8mb4&parseTime=True&loc=Asia%2FTokyo" func=go-sample-todo/app/models.InitDb file=/opt/go/app/models/base.go line=44
time=2025-08-13T14:38:42.074Z level=INFO msg="start Server " port=8881
time=2025-08-15T14:26:17.972Z level=DEBUG msg="debug Logging start" output=multi file=logs/app.log
time=2025-08-15T14:26:17.976Z level=DEBUG msg="start " file=/opt/go/main.go line=40 funcName=main.main
time=2025-08-15T14:26:17.976Z level=DEBUG msg="DB access init " funcName=go-sample-todo/app/models.InitDb file=/opt/go/app/models/base.go line=29
time=2025-08-15T14:26:17.976Z level=DEBUG msg="DB access init " con="golang:golang@tcp(db:3306)/golang?charset=utf8mb4&parseTime=True&loc=Asia%2FTokyo" func=go-sample-todo/app/models.InitDb file=/opt/go/app/models/base.go line=44
time=2025-08-15T14:26:18.125Z level=INFO msg="start Server " port=8881
time=2025-08-15T14:26:35.049Z level=DEBUG msg="login validation error " message="Key: 'LoginUser.Email' Error:Field validation for 'Email' failed on the 'min' tag" field=Email tag=min param=8 file=/opt/go/app/controllers/route_auth.go func=go-sample-todo/app/controllers.validateAuthenticate line=105
time=2025-08-15T14:26:35.050Z level=DEBUG msg="login validation error " message="Key: 'LoginUser.Password' Error:Field validation for 'Password' failed on the 'min' tag" field=Password tag=min param=8 file=/opt/go/app/controllers/route_auth.go func=go-sample-todo/app/controllers.validateAuthenticate line=105
time=2025-08-15T14:26:35.074Z level=INFO msg="login Error " email=a@a.c message="sql: no rows in result set" file=/opt/go/app/controllers/route_auth.go func=go-sample-todo/app/controllers.authenticate line=133
time=2025-08-15T14:27:34.617Z level=DEBUG msg="login validation error " message="Key: 'LoginUser.Email' Error:Field validation for 'Email' failed on the 'min' tag" field=Email tag=min param=8 file=/opt/go/app/controllers/route_auth.go func=go-sample-todo/app/controllers.validateAuthenticate line=105
time=2025-08-15T14:27:34.618Z level=DEBUG msg="login validation error " message="Key: 'LoginUser.Password' Error:Field validation for 'Password' failed on the 'min' tag" field=Password tag=min param=8 file=/opt/go/app/controllers/route_auth.go func=go-sample-todo/app/controllers.validateAuthenticate line=105
time=2025-08-15T14:29:44.339Z level=DEBUG msg="debug Logging start" output=multi file=logs/app.log
time=2025-08-15T14:29:44.340Z level=DEBUG msg="start " file=/opt/go/main.go line=40 funcName=main.main
time=2025-08-15T14:29:44.340Z level=DEBUG msg="DB access init " funcName=go-sample-todo/app/models.InitDb file=/opt/go/app/models/base.go line=29
time=2025-08-15T14:29:44.341Z level=DEBUG msg="DB access init " con="golang:golang@tcp(db:3306)/golang?charset=utf8mb4&parseTime=True&loc=Asia%2FTokyo" func=go-sample-todo/app/models.InitDb file=/opt/go/app/models/base.go line=44
time=2025-08-15T14:29:44.374Z level=INFO msg="start Server " port=8881
time=2025-08-15T14:30:04.923Z level=DEBUG msg="login validation error " message="Key: 'LoginUser.Email' Error:Field validation for 'Email' failed on the 'min' tag" field=Email tag=min param=8 file=/opt/go/app/controllers/route_auth.go func=go-sample-todo/app/controllers.validateAuthenticate line=105
time=2025-08-15T14:30:04.923Z level=DEBUG msg="login validation error " message="Key: 'LoginUser.Password' Error:Field validation for 'Password' failed on the 'min' tag" field=Password tag=min param=8 file=/opt/go/app/controllers/route_auth.go func=go-sample-todo/app/controllers.validateAuthenticate line=105
time=2025-08-15T14:47:41.486Z level=DEBUG msg="debug Logging start" output=multi file=logs/app.log
time=2025-08-15T14:47:41.486Z level=DEBUG msg="start " file=/opt/go/main.go line=40 funcName=main.main
time=2025-08-15T14:47:41.486Z level=DEBUG msg="DB access init " funcName=go-sample-todo/app/models.InitDb file=/opt/go/app/models/base.go line=29
time=2025-08-15T14:47:41.486Z level=DEBUG msg="DB access init " con="golang:golang@tcp(db:3306)/golang?charset=utf8mb4&parseTime=True&loc=Asia%2FTokyo" func=go-sample-todo/app/models.InitDb file=/opt/go/app/models/base.go line=44
time=2025-08-15T14:47:41.529Z level=INFO msg="start Server " port=8881
time=2025-08-15T14:48:07.878Z level=DEBUG msg="login validation error " message="Key: 'LoginUser.Email' Error:Field validation for 'Email' failed on the 'min' tag" field=Email tag=min param=8 file=/opt/go/app/controllers/route_auth.go func=go-sample-todo/app/controllers.validateAuthenticate line=105
time=2025-08-15T14:48:07.878Z level=DEBUG msg="login validation error " message="Key: 'LoginUser.Password' Error:Field validation for 'Password' failed on the 'min' tag" field=Password tag=min param=8 file=/opt/go/app/controllers/route_auth.go func=go-sample-todo/app/controllers.validateAuthenticate line=105
time=2025-08-15T14:53:30.607Z level=DEBUG msg="debug Logging start" output=multi file=logs/app.log
time=2025-08-15T14:53:30.608Z level=DEBUG msg="start " file=/opt/go/main.go line=40 funcName=main.main
time=2025-08-15T14:53:30.608Z level=DEBUG msg="DB access init " funcName=go-sample-todo/app/models.InitDb file=/opt/go/app/models/base.go line=29
time=2025-08-15T14:53:30.608Z level=DEBUG msg="DB access init " con="golang:golang@tcp(db:3306)/golang?charset=utf8mb4&parseTime=True&loc=Asia%2FTokyo" func=go-sample-todo/app/models.InitDb file=/opt/go/app/models/base.go line=44
time=2025-08-15T14:53:30.639Z level=INFO msg="start Server " port=8881
time=2025-08-15T14:53:39.879Z level=DEBUG msg="debug Logging start" output=multi file=logs/app.log
time=2025-08-15T14:53:39.880Z level=DEBUG msg="start " file=/opt/go/main.go line=40 funcName=main.main
time=2025-08-15T14:53:39.880Z level=DEBUG msg="DB access init " funcName=go-sample-todo/app/models.InitDb file=/opt/go/app/models/base.go line=29
time=2025-08-15T14:53:39.880Z level=DEBUG msg="DB access init " con="golang:golang@tcp(db:3306)/golang?charset=utf8mb4&parseTime=True&loc=Asia%2FTokyo" func=go-sample-todo/app/models.InitDb file=/opt/go/app/models/base.go line=44
time=2025-08-15T14:53:39.907Z level=INFO msg="start Server " port=8881
time=2025-08-15T14:55:52.246Z level=DEBUG msg="debug Logging start" output=multi file=logs/app.log
time=2025-08-15T14:55:52.247Z level=DEBUG msg="start " file=/opt/go/main.go line=40 funcName=main.main
time=2025-08-15T14:55:52.247Z level=DEBUG msg="DB access init " funcName=go-sample-todo/app/models.InitDb file=/opt/go/app/models/base.go line=29
time=2025-08-15T14:55:52.247Z level=DEBUG msg="DB access init " con="golang:golang@tcp(db:3306)/golang?charset=utf8mb4&parseTime=True&loc=Asia%2FTokyo" func=go-sample-todo/app/models.InitDb file=/opt/go/app/models/base.go line=44
time=2025-08-15T14:55:52.311Z level=INFO msg="start Server " port=8881
time=2025-08-15T14:57:29.244Z level=DEBUG msg="debug Logging start" output=multi file=logs/app.log
time=2025-08-15T14:57:29.245Z level=DEBUG msg="start " file=/opt/go/main.go line=40 funcName=main.main
time=2025-08-15T14:57:29.245Z level=DEBUG msg="DB access init " funcName=go-sample-todo/app/models.InitDb file=/opt/go/app/models/base.go line=29
time=2025-08-15T14:57:29.245Z level=DEBUG msg="DB access init " con="golang:golang@tcp(db:3306)/golang?charset=utf8mb4&parseTime=True&loc=Asia%2FTokyo" func=go-sample-todo/app/models.InitDb file=/opt/go/app/models/base.go line=44
time=2025-08-15T14:57:29.301Z level=INFO msg="start Server " port=8881
time=2025-08-15T14:58:30.491Z level=DEBUG msg="login validation error " message="Key: 'LoginUser.Email' Error:Field validation for 'Email' failed on the 'min' tag" field=Email tag=min param=8 file=/opt/go/app/controllers/route_auth.go func=go-sample-todo/app/controllers.validateAuthenticate line=105
time=2025-08-15T14:58:30.491Z level=DEBUG msg="login validation error " message="Key: 'LoginUser.Password' Error:Field validation for 'Password' failed on the 'min' tag" field=Password tag=min param=8 file=/opt/go/app/controllers/route_auth.go func=go-sample-todo/app/controllers.validateAuthenticate line=105
time=2025-08-15T15:02:13.106Z level=DEBUG msg="debug Logging start" output=multi file=logs/app.log
time=2025-08-15T15:02:13.110Z level=DEBUG msg="start " file=/opt/go/main.go line=40 funcName=main.main
time=2025-08-15T15:02:13.110Z level=DEBUG msg="DB access init " funcName=go-sample-todo/app/models.InitDb file=/opt/go/app/models/base.go line=29
time=2025-08-15T15:02:13.110Z level=DEBUG msg="DB access init " con="golang:golang@tcp(db:3306)/golang?charset=utf8mb4&parseTime=True&loc=Asia%2FTokyo" func=go-sample-todo/app/models.InitDb file=/opt/go/app/models/base.go line=44
time=2025-08-15T15:02:13.147Z level=INFO msg="start Server " port=8881
time=2025-08-15T15:02:45.937Z level=DEBUG msg="login validation error " message="Key: 'LoginUser.Email' Error:Field validation for 'Email' failed on the 'min' tag" field=Email tag=min param=8 file=/opt/go/app/controllers/route_auth.go func=go-sample-todo/app/controllers.validateAuthenticate line=105
time=2025-08-15T15:02:45.938Z level=DEBUG msg="login validation error " message="Key: 'LoginUser.Password' Error:Field validation for 'Password' failed on the 'min' tag" field=Password tag=min param=8 file=/opt/go/app/controllers/route_auth.go func=go-sample-todo/app/controllers.validateAuthenticate line=105
time=2025-08-15T15:05:08.242Z level=DEBUG msg="debug Logging start" output=multi file=logs/app.log
time=2025-08-15T15:05:08.243Z level=DEBUG msg="start " file=/opt/go/main.go line=40 funcName=main.main
time=2025-08-15T15:05:08.243Z level=DEBUG msg="DB access init " funcName=go-sample-todo/app/models.InitDb file=/opt/go/app/models/base.go line=29
time=2025-08-15T15:05:08.243Z level=DEBUG msg="DB access init " con="golang:golang@tcp(db:3306)/golang?charset=utf8mb4&parseTime=True&loc=Asia%2FTokyo" func=go-sample-todo/app/models.InitDb file=/opt/go/app/models/base.go line=44
time=2025-08-15T15:05:08.277Z level=INFO msg="start Server " port=8881
time=2025-08-15T15:05:50.013Z level=DEBUG msg="login validation error " message="Key: 'LoginUser.Email' Error:Field validation for 'Email' failed on the 'min' tag" field=Email tag=min param=8 file=/opt/go/app/controllers/route_auth.go func=go-sample-todo/app/controllers.validateAuthenticate line=105
time=2025-08-15T15:05:50.018Z level=DEBUG msg="login validation error " message="Key: 'LoginUser.Password' Error:Field validation for 'Password' failed on the 'min' tag" field=Password tag=min param=8 file=/opt/go/app/controllers/route_auth.go func=go-sample-todo/app/controllers.validateAuthenticate line=105
time=2025-08-15T15:08:10.945Z level=DEBUG msg="debug Logging start" output=multi file=logs/app.log
time=2025-08-15T15:08:10.946Z level=DEBUG msg="start " file=/opt/go/main.go line=40 funcName=main.main
time=2025-08-15T15:08:10.946Z level=DEBUG msg="DB access init " funcName=go-sample-todo/app/models.InitDb file=/opt/go/app/models/base.go line=29
time=2025-08-15T15:08:10.946Z level=DEBUG msg="DB access init " con="golang:golang@tcp(db:3306)/golang?charset=utf8mb4&parseTime=True&loc=Asia%2FTokyo" func=go-sample-todo/app/models.InitDb file=/opt/go/app/models/base.go line=44
time=2025-08-15T15:08:10.980Z level=INFO msg="start Server " port=8881
time=2025-08-15T15:08:40.621Z level=DEBUG msg="login validation error " message="Key: 'LoginUser.Email' Error:Field validation for 'Email' failed on the 'min' tag" field=Email tag=min param=8 file=/opt/go/app/controllers/route_auth.go func=go-sample-todo/app/controllers.validateAuthenticate line=105
time=2025-08-15T15:08:40.622Z level=DEBUG msg="login validation error " message="Key: 'LoginUser.Password' Error:Field validation for 'Password' failed on the 'min' tag" field=Password tag=min param=8 file=/opt/go/app/controllers/route_auth.go func=go-sample-todo/app/controllers.validateAuthenticate line=105
time=2025-08-15T15:11:17.229Z level=DEBUG msg="debug Logging start" output=multi file=logs/app.log
time=2025-08-15T15:11:17.229Z level=DEBUG msg="start " file=/opt/go/main.go line=40 funcName=main.main
time=2025-08-15T15:11:17.230Z level=DEBUG msg="DB access init " funcName=go-sample-todo/app/models.InitDb file=/opt/go/app/models/base.go line=29
time=2025-08-15T15:11:17.230Z level=DEBUG msg="DB access init " con="golang:golang@tcp(db:3306)/golang?charset=utf8mb4&parseTime=True&loc=Asia%2FTokyo" func=go-sample-todo/app/models.InitDb file=/opt/go/app/models/base.go line=44
time=2025-08-15T15:11:17.261Z level=INFO msg="start Server " port=8881
time=2025-08-15T15:11:25.712Z level=DEBUG msg="login validation error " message="Key: 'LoginUser.Email' Error:Field validation for 'Email' failed on the 'min' tag" field=Email tag=min param=8 file=/opt/go/app/controllers/route_auth.go func=go-sample-todo/app/controllers.validateAuthenticate line=105
time=2025-08-15T15:11:25.712Z level=DEBUG msg="login validation error " message="Key: 'LoginUser.Password' Error:Field validation for 'Password' failed on the 'min' tag" field=Password tag=min param=8 file=/opt/go/app/controllers/route_auth.go func=go-sample-todo/app/controllers.validateAuthenticate line=105
time=2025-08-15T15:15:01.733Z level=DEBUG msg="debug Logging start" output=multi file=logs/app.log
time=2025-08-15T15:15:01.739Z level=DEBUG msg="start " file=/opt/go/main.go line=40 funcName=main.main
time=2025-08-15T15:15:01.741Z level=DEBUG msg="DB access init " funcName=go-sample-todo/app/models.InitDb file=/opt/go/app/models/base.go line=29
time=2025-08-15T15:15:01.746Z level=DEBUG msg="DB access init " con="golang:golang@tcp(db:3306)/golang?charset=utf8mb4&parseTime=True&loc=Asia%2FTokyo" func=go-sample-todo/app/models.InitDb file=/opt/go/app/models/base.go line=44
time=2025-08-15T15:15:01.799Z level=INFO msg="start Server " port=8881
time=2025-08-15T15:15:39.352Z level=DEBUG msg="login validation error " message="Key: 'LoginUser.Email' Error:Field validation for 'Email' failed on the 'min' tag" field=Email tag=min param=8 file=/opt/go/app/controllers/route_auth.go func=go-sample-todo/app/controllers.validateAuthenticate line=105
time=2025-08-15T15:15:39.353Z level=DEBUG msg="login validation error " message="Key: 'LoginUser.Password' Error:Field validation for 'Password' failed on the 'min' tag" field=Password tag=min param=8 file=/opt/go/app/controllers/route_auth.go func=go-sample-todo/app/controllers.validateAuthenticate line=105
time=2025-08-15T15:21:04.267Z level=DEBUG msg="debug Logging start" output=multi file=logs/app.log
time=2025-08-15T15:21:04.270Z level=DEBUG msg="start " file=/opt/go/main.go line=40 funcName=main.main
time=2025-08-15T15:21:04.270Z level=DEBUG msg="DB access init " funcName=go-sample-todo/app/models.InitDb file=/opt/go/app/models/base.go line=29
time=2025-08-15T15:21:04.270Z level=DEBUG msg="DB access init " con="golang:golang@tcp(db:3306)/golang?charset=utf8mb4&parseTime=True&loc=Asia%2FTokyo" func=go-sample-todo/app/models.InitDb file=/opt/go/app/models/base.go line=44
time=2025-08-15T15:21:04.297Z level=INFO msg="start Server " port=8881
time=2025-08-15T15:21:22.295Z level=DEBUG msg="login validation error " message="Key: 'LoginUser.Email' Error:Field validation for 'Email' failed on the 'min' tag" field=Email tag=min param=8 file=/opt/go/app/controllers/route_auth.go func=go-sample-todo/app/controllers.validateAuthenticate line=105
time=2025-08-15T15:21:22.296Z level=DEBUG msg="login validation error " message="Key: 'LoginUser.Password' Error:Field validation for 'Password' failed on the 'min' tag" field=Password tag=min param=8 file=/opt/go/app/controllers/route_auth.go func=go-sample-todo/app/controllers.validateAuthenticate line=105
time=2025-08-15T15:34:46.889Z level=DEBUG msg="debug Logging start" output=multi file=logs/app.log
time=2025-08-15T15:34:46.890Z level=DEBUG msg="start " file=/opt/go/main.go line=40 funcName=main.main
time=2025-08-15T15:34:46.890Z level=DEBUG msg="DB access init " funcName=go-sample-todo/app/models.InitDb file=/opt/go/app/models/base.go line=29
time=2025-08-15T15:34:46.891Z level=DEBUG msg="DB access init " con="golang:golang@tcp(db:3306)/golang?charset=utf8mb4&parseTime=True&loc=Asia%2FTokyo" func=go-sample-todo/app/models.InitDb file=/opt/go/app/models/base.go line=44
time=2025-08-15T15:34:46.929Z level=INFO msg="start Server " port=8881
time=2025-08-15T15:36:01.028Z level=DEBUG msg="debug Logging start" output=multi file=logs/app.log
time=2025-08-15T15:36:01.030Z level=DEBUG msg="start " file=/opt/go/main.go line=40 funcName=main.main
time=2025-08-15T15:36:01.030Z level=DEBUG msg="DB access init " funcName=go-sample-todo/app/models.InitDb file=/opt/go/app/models/base.go line=29
time=2025-08-15T15:36:01.030Z level=DEBUG msg="DB access init " con="golang:golang@tcp(db:3306)/golang?charset=utf8mb4&parseTime=True&loc=Asia%2FTokyo" func=go-sample-todo/app/models.InitDb file=/opt/go/app/models/base.go line=44
time=2025-08-15T15:36:01.069Z level=INFO msg="start Server " port=8881
time=2025-08-15T15:37:12.192Z level=DEBUG msg="debug Logging start" output=multi file=logs/app.log
time=2025-08-15T15:37:12.192Z level=DEBUG msg="start " file=/opt/go/main.go line=40 funcName=main.main
time=2025-08-15T15:37:12.192Z level=DEBUG msg="DB access init " funcName=go-sample-todo/app/models.InitDb file=/opt/go/app/models/base.go line=29
time=2025-08-15T15:37:12.192Z level=DEBUG msg="DB access init " con="golang:golang@tcp(db:3306)/golang?charset=utf8mb4&parseTime=True&loc=Asia%2FTokyo" func=go-sample-todo/app/models.InitDb file=/opt/go/app/models/base.go line=44
time=2025-08-15T15:37:12.217Z level=INFO msg="start Server " port=8881
time=2025-08-15T15:37:31.576Z level=DEBUG msg="login validation error " message="Key: 'LoginUser.Email' Error:Field validation for 'Email' failed on the 'min' tag" field=Email tag=min param=8 file=/opt/go/app/controllers/route_auth.go func=go-sample-todo/app/controllers.validateAuthenticate line=105
time=2025-08-15T15:37:31.576Z level=DEBUG msg="login validation error " message="Key: 'LoginUser.Password' Error:Field validation for 'Password' failed on the 'min' tag" field=Password tag=min param=8 file=/opt/go/app/controllers/route_auth.go func=go-sample-todo/app/controllers.validateAuthenticate line=105
time=2025-08-15T15:39:34.070Z level=DEBUG msg="debug Logging start" output=multi file=logs/app.log
time=2025-08-15T15:39:34.071Z level=DEBUG msg="start " file=/opt/go/main.go line=40 funcName=main.main
time=2025-08-15T15:39:34.072Z level=DEBUG msg="DB access init " funcName=go-sample-todo/app/models.InitDb file=/opt/go/app/models/base.go line=29
time=2025-08-15T15:39:34.072Z level=DEBUG msg="DB access init " con="golang:golang@tcp(db:3306)/golang?charset=utf8mb4&parseTime=True&loc=Asia%2FTokyo" func=go-sample-todo/app/models.InitDb file=/opt/go/app/models/base.go line=44
time=2025-08-15T15:39:34.104Z level=INFO msg="start Server " port=8881
time=2025-08-15T15:39:50.384Z level=DEBUG msg="login validation error " message="Key: 'LoginUser.Password' Error:Field validation for 'Password' failed on the 'min' tag" field=Password tag=min param=8 file=/opt/go/app/controllers/route_auth.go func=go-sample-todo/app/controllers.validateAuthenticate line=105
time=2025-08-15T15:53:29.601Z level=DEBUG msg="debug Logging start" output=multi file=logs/app.log
time=2025-08-15T15:53:29.602Z level=DEBUG msg="start " file=/opt/go/main.go line=40 funcName=main.main
time=2025-08-15T15:53:29.602Z level=DEBUG msg="DB access init " funcName=go-sample-todo/app/models.InitDb file=/opt/go/app/models/base.go line=29
time=2025-08-15T15:53:29.603Z level=DEBUG msg="DB access init " con="golang:golang@tcp(db:3306)/golang?charset=utf8mb4&parseTime=True&loc=Asia%2FTokyo" func=go-sample-todo/app/models.InitDb file=/opt/go/app/models/base.go line=44
time=2025-08-15T15:53:29.638Z level=INFO msg="start Server " port=8881
time=2025-08-15T15:53:41.115Z level=DEBUG msg="login validation error " message="Key: 'LoginUser.Email' Error:Field validation for 'Email' failed on the 'min' tag" field=Email tag=min param=8 file=/opt/go/app/controllers/route_auth.go func=go-sample-todo/app/controllers.validateAuthenticate line=112
time=2025-08-15T15:53:41.115Z level=DEBUG msg="login validation error " message="Key: 'LoginUser.Password' Error:Field validation for 'Password' failed on the 'min' tag" field=Password tag=min param=8 file=/opt/go/app/controllers/route_auth.go func=go-sample-todo/app/controllers.validateAuthenticate line=112
time=2025-08-15T15:53:53.214Z level=DEBUG msg="login validation error " message="Key: 'LoginUser.Email' Error:Field validation for 'Email' failed on the 'min' tag" field=Email tag=min param=8 file=/opt/go/app/controllers/route_auth.go func=go-sample-todo/app/controllers.validateAuthenticate line=112
time=2025-08-15T15:53:53.214Z level=DEBUG msg="login validation error " message="Key: 'LoginUser.Password' Error:Field validation for 'Password' failed on the 'min' tag" field=Password tag=min param=8 file=/opt/go/app/controllers/route_auth.go func=go-sample-todo/app/controllers.validateAuthenticate line=112
time=2025-08-15T16:02:20.376Z level=DEBUG msg="debug Logging start" output=multi file=logs/app.log
time=2025-08-15T16:02:20.379Z level=DEBUG msg="start " file=/opt/go/main.go line=40 funcName=main.main
time=2025-08-15T16:02:20.379Z level=DEBUG msg="DB access init " funcName=go-sample-todo/app/models.InitDb file=/opt/go/app/models/base.go line=29
time=2025-08-15T16:02:20.379Z level=DEBUG msg="DB access init " con="golang:golang@tcp(db:3306)/golang?charset=utf8mb4&parseTime=True&loc=Asia%2FTokyo" func=go-sample-todo/app/models.InitDb file=/opt/go/app/models/base.go line=44
time=2025-08-15T16:02:20.427Z level=INFO msg="start Server " port=8881
time=2025-08-15T16:02:42.303Z level=DEBUG msg="login validation error " message="Key: 'LoginUser.Password' Error:Field validation for 'Password' failed on the 'min' tag" field=Password tag=min param=8 file=/opt/go/app/controllers/route_auth.go func=go-sample-todo/app/controllers.validateAuthenticate line=112
time=2025-08-17T00:41:26.102Z level=DEBUG msg="debug Logging start" output=multi file=logs/app.log
time=2025-08-17T00:41:26.107Z level=DEBUG msg="start " file=/opt/go/main.go line=40 funcName=main.main
time=2025-08-17T00:41:26.107Z level=DEBUG msg="DB access init " funcName=go-sample-todo/app/models.InitDb file=/opt/go/app/models/base.go line=29
time=2025-08-17T00:41:26.107Z level=DEBUG msg="DB access init " con="golang:golang@tcp(db:3306)/golang?charset=utf8mb4&parseTime=True&loc=Asia%2FTokyo" func=go-sample-todo/app/models.InitDb file=/opt/go/app/models/base.go line=44
time=2025-08-17T00:41:26.170Z level=INFO msg="start Server " port=8881
time=2025-08-17T00:44:09.394Z level=DEBUG msg="debug Logging start" output=multi file=logs/app.log
time=2025-08-17T00:44:09.394Z level=DEBUG msg="start " file=/opt/go/main.go line=40 funcName=main.main
time=2025-08-17T00:44:09.394Z level=DEBUG msg="DB access init " funcName=go-sample-todo/app/models.InitDb file=/opt/go/app/models/base.go line=29
time=2025-08-17T00:44:09.394Z level=DEBUG msg="DB access init " con="golang:golang@tcp(db:3306)/golang?charset=utf8mb4&parseTime=True&loc=Asia%2FTokyo" func=go-sample-todo/app/models.InitDb file=/opt/go/app/models/base.go line=44
time=2025-08-17T00:44:09.438Z level=INFO msg="start Server " port=8881
time=2025-08-17T00:44:25.870Z level=DEBUG msg="debug Logging start" output=multi file=logs/app.log
time=2025-08-17T00:44:25.877Z level=DEBUG msg="start " file=/opt/go/main.go line=40 funcName=main.main
time=2025-08-17T00:44:25.879Z level=DEBUG msg="DB access init " funcName=go-sample-todo/app/models.InitDb file=/opt/go/app/models/base.go line=29
time=2025-08-17T00:44:25.880Z level=DEBUG msg="DB access init " con="golang:golang@tcp(db:3306)/golang?charset=utf8mb4&parseTime=True&loc=Asia%2FTokyo" func=go-sample-todo/app/models.InitDb file=/opt/go/app/models/base.go line=44
time=2025-08-17T00:44:25.929Z level=INFO msg="start Server " port=8881
time=2025-08-17T00:45:30.698Z level=DEBUG msg="debug Logging start" output=multi file=logs/app.log
time=2025-08-17T00:45:30.699Z level=DEBUG msg="start " file=/opt/go/main.go line=40 funcName=main.main
time=2025-08-17T00:45:30.699Z level=DEBUG msg="DB access init " funcName=go-sample-todo/app/models.InitDb file=/opt/go/app/models/base.go line=29
time=2025-08-17T00:45:30.700Z level=DEBUG msg="DB access init " con="golang:golang@tcp(db:3306)/golang?charset=utf8mb4&parseTime=True&loc=Asia%2FTokyo" func=go-sample-todo/app/models.InitDb file=/opt/go/app/models/base.go line=44
time=2025-08-17T00:45:30.745Z level=INFO msg="start Server " port=8881
time=2025-08-17T00:55:01.824Z level=DEBUG msg="debug Logging start" output=multi file=logs/app.log
time=2025-08-17T00:55:01.825Z level=DEBUG msg="start " file=/opt/go/main.go line=40 funcName=main.main
time=2025-08-17T00:55:01.826Z level=DEBUG msg="DB access init " funcName=go-sample-todo/app/models.InitDb file=/opt/go/app/models/base.go line=29
time=2025-08-17T00:55:01.826Z level=DEBUG msg="DB access init " con="golang:golang@tcp(db:3306)/golang?charset=utf8mb4&parseTime=True&loc=Asia%2FTokyo" func=go-sample-todo/app/models.InitDb file=/opt/go/app/models/base.go line=44
time=2025-08-17T00:55:01.853Z level=INFO msg="start Server " port=8881
time=2025-08-17T04:29:42.399Z level=DEBUG msg="debug Logging start" output=multi file=logs/app.log
time=2025-08-17T04:29:42.400Z level=DEBUG msg="start " file=/opt/go/main.go line=40 funcName=main.main
time=2025-08-17T04:29:42.400Z level=DEBUG msg="DB access init " funcName=go-sample-todo/app/models.InitDb file=/opt/go/app/models/base.go line=29
time=2025-08-17T04:29:42.400Z level=DEBUG msg="DB access init " con="golang:golang@tcp(db:3306)/golang?charset=utf8mb4&parseTime=True&loc=Asia%2FTokyo" func=go-sample-todo/app/models.InitDb file=/opt/go/app/models/base.go line=44
time=2025-08-17T04:29:42.427Z level=INFO msg="start Server " port=8881
time=2025-08-17T04:30:10.728Z level=DEBUG msg="login validation error " message="Key: 'LoginUser.Email' Error:Field validation for 'Email' failed on the 'min' tag" field=Email tag=min param=8 file=/opt/go/app/controllers/route_auth.go func=go-sample-todo/app/controllers.validateAuthenticate line=121
time=2025-08-17T04:30:10.729Z level=DEBUG msg="login validation error " message="Key: 'LoginUser.Password' Error:Field validation for 'Password' failed on the 'min' tag" field=Password tag=min param=8 file=/opt/go/app/controllers/route_auth.go func=go-sample-todo/app/controllers.validateAuthenticate line=121
time=2025-08-17T04:32:29.729Z level=DEBUG msg="debug Logging start" output=multi file=logs/app.log
time=2025-08-17T04:32:29.730Z level=DEBUG msg="start " file=/opt/go/main.go line=40 funcName=main.main
time=2025-08-17T04:32:29.730Z level=DEBUG msg="DB access init " funcName=go-sample-todo/app/models.InitDb file=/opt/go/app/models/base.go line=29
time=2025-08-17T04:32:29.730Z level=DEBUG msg="DB access init " con="golang:golang@tcp(db:3306)/golang?charset=utf8mb4&parseTime=True&loc=Asia%2FTokyo" func=go-sample-todo/app/models.InitDb file=/opt/go/app/models/base.go line=44
time=2025-08-17T04:32:29.774Z level=INFO msg="start Server " port=8881
time=2025-08-17T04:34:05.720Z level=DEBUG msg="login validation error " errors="Key: 'LoginUser.Email' Error:Field validation for 'Email' failed on the 'min' tag\nKey: 'LoginUser.Password' Error:Field validation for 'Password' failed on the 'min' tag" file=/opt/go/app/controllers/route_auth.go func=go-sample-todo/app/controllers.validateAuthenticate line=119
time=2025-08-17T04:34:05.721Z level=DEBUG msg="login validation error " message="Key: 'LoginUser.Email' Error:Field validation for 'Email' failed on the 'min' tag" field=Email tag=min param=8 file=/opt/go/app/controllers/route_auth.go func=go-sample-todo/app/controllers.validateAuthenticate line=124
time=2025-08-17T04:34:05.721Z level=DEBUG msg="login validation error " message="Key: 'LoginUser.Password' Error:Field validation for 'Password' failed on the 'min' tag" field=Password tag=min param=8 file=/opt/go/app/controllers/route_auth.go func=go-sample-todo/app/controllers.validateAuthenticate line=124
time=2025-08-17T04:34:13.486Z level=DEBUG msg="debug Logging start" output=multi file=logs/app.log
time=2025-08-17T04:34:13.486Z level=DEBUG msg="start " file=/opt/go/main.go line=40 funcName=main.main
time=2025-08-17T04:34:13.487Z level=DEBUG msg="DB access init " funcName=go-sample-todo/app/models.InitDb file=/opt/go/app/models/base.go line=29
time=2025-08-17T04:34:13.487Z level=DEBUG msg="DB access init " con="golang:golang@tcp(db:3306)/golang?charset=utf8mb4&parseTime=True&loc=Asia%2FTokyo" func=go-sample-todo/app/models.InitDb file=/opt/go/app/models/base.go line=44
time=2025-08-17T04:34:13.530Z level=INFO msg="start Server " port=8881
time=2025-08-17T04:38:04.565Z level=DEBUG msg="debug Logging start" output=multi file=logs/app.log
time=2025-08-17T04:38:04.566Z level=DEBUG msg="start " file=/opt/go/main.go line=40 funcName=main.main
time=2025-08-17T04:38:04.567Z level=DEBUG msg="DB access init " funcName=go-sample-todo/app/models.InitDb file=/opt/go/app/models/base.go line=29
time=2025-08-17T04:38:04.567Z level=DEBUG msg="DB access init " con="golang:golang@tcp(db:3306)/golang?charset=utf8mb4&parseTime=True&loc=Asia%2FTokyo" func=go-sample-todo/app/models.InitDb file=/opt/go/app/models/base.go line=44
time=2025-08-17T04:38:04.603Z level=INFO msg="start Server " port=8881
time=2025-08-17T04:42:40.220Z level=DEBUG msg="debug Logging start" output=multi file=logs/app.log
time=2025-08-17T04:42:40.222Z level=DEBUG msg="start " file=/opt/go/main.go line=40 funcName=main.main
time=2025-08-17T04:42:40.224Z level=DEBUG msg="DB access init " funcName=go-sample-todo/app/models.InitDb file=/opt/go/app/models/base.go line=29
time=2025-08-17T04:42:40.225Z level=DEBUG msg="DB access init " con="golang:golang@tcp(db:3306)/golang?charset=utf8mb4&parseTime=True&loc=Asia%2FTokyo" func=go-sample-todo/app/models.InitDb file=/opt/go/app/models/base.go line=44
time=2025-08-17T04:42:40.270Z level=INFO msg="start Server " port=8881
time=2025-08-17T04:43:02.993Z level=DEBUG msg="login validation error " errors="map[LoginUser.Email:Emailの長さは少なくとも8文字はなければなりません LoginUser.Password:Passwordの長さは少なくとも8文字はなければなりません]" file=/opt/go/app/controllers/route_auth.go func=go-sample-todo/app/controllers.validateAuthenticate line=120
time=2025-08-17T04:47:50.994Z level=DEBUG msg="login validation error " errors="map[LoginUser.Email:Emailの長さは少なくとも8文字はなければなりません LoginUser.Password:Passwordの長さは少なくとも8文字はなければなりません]" file=/opt/go/app/controllers/route_auth.go func=go-sample-todo/app/controllers.validateAuthenticate line=120
time=2025-08-17T04:49:55.504Z level=DEBUG msg="debug Logging start" output=multi file=logs/app.log
time=2025-08-17T04:49:55.504Z level=DEBUG msg="start " file=/opt/go/main.go line=40 funcName=main.main
time=2025-08-17T04:49:55.505Z level=DEBUG msg="DB access init " funcName=go-sample-todo/app/models.InitDb file=/opt/go/app/models/base.go line=29
time=2025-08-17T04:49:55.505Z level=DEBUG msg="DB access init " con="golang:golang@tcp(db:3306)/golang?charset=utf8mb4&parseTime=True&loc=Asia%2FTokyo" func=go-sample-todo/app/models.InitDb file=/opt/go/app/models/base.go line=44
time=2025-08-17T04:49:55.544Z level=INFO msg="start Server " port=8881
2025/08/17 04:50:02 server.go:3640: http: panic serving [::1]:53046: template: login.html:35: bad character U+005C '\'
goroutine 40 [running]:
net/http.(*conn).serve.func1()
	/usr/local/go/src/net/http/server.go:1947 +0x13f
panic({0xd7e840?, 0xc000113e30?})
	/usr/local/go/src/runtime/panic.go:792 +0x136
html/template.Must(0x0, {0xe89660, 0xc000113e30})
	/usr/local/go/src/html/template/template.go:368 +0x86
go-sample-todo/app/controllers.generateAuthHTML({0xe8cc58, 0xc00019a0e0}, {0x0, 0x0}, {0xc0003073f0, 0x2, 0x2})
	/opt/go/app/controllers/routing.go:40 +0x2cf
go-sample-todo/app/controllers.login({0xe8cc58, 0xc00019a0e0}, 0xc0001b0780)
	/opt/go/app/controllers/route_auth.go:74 +0x277
net/http.HandlerFunc.ServeHTTP(0xe47e98, {0xe8cc58, 0xc00019a0e0}, 0xc0001b0780)
	/usr/local/go/src/net/http/server.go:2294 +0x33
net/http.(*ServeMux).ServeHTTP(0x123a140, {0xe8cc58, 0xc00019a0e0}, 0xc0001b0780)
	/usr/local/go/src/net/http/server.go:2822 +0x3c2
net/http.serverHandler.ServeHTTP({0xc0001b2100}, {0xe8cc58, 0xc00019a0e0}, 0xc0001b0780)
	/usr/local/go/src/net/http/server.go:3301 +0x257
net/http.(*conn).serve(0xc000196510, {0xe8d560, 0xc000194ff0})
	/usr/local/go/src/net/http/server.go:2102 +0x1b75
created by net/http.(*Server).Serve in goroutine 1
	/usr/local/go/src/net/http/server.go:3454 +0xa9a
2025/08/17 04:50:02 server.go:3640: http: panic serving [::1]:53056: template: login.html:35: bad character U+005C '\'
goroutine 42 [running]:
net/http.(*conn).serve.func1()
	/usr/local/go/src/net/http/server.go:1947 +0x13f
panic({0xd7e840?, 0xc0002d2080?})
	/usr/local/go/src/runtime/panic.go:792 +0x136
html/template.Must(0x0, {0xe89660, 0xc0002d2080})
	/usr/local/go/src/html/template/template.go:368 +0x86
go-sample-todo/app/controllers.generateAuthHTML({0xe8cc58, 0xc00019a1c0}, {0x0, 0x0}, {0xc0002593f0, 0x2, 0x2})
	/opt/go/app/controllers/routing.go:40 +0x2cf
go-sample-todo/app/controllers.login({0xe8cc58, 0xc00019a1c0}, 0xc0001b08c0)
	/opt/go/app/controllers/route_auth.go:74 +0x277
net/http.HandlerFunc.ServeHTTP(0xe47e98, {0xe8cc58, 0xc00019a1c0}, 0xc0001b08c0)
	/usr/local/go/src/net/http/server.go:2294 +0x33
net/http.(*ServeMux).ServeHTTP(0x123a140, {0xe8cc58, 0xc00019a1c0}, 0xc0001b08c0)
	/usr/local/go/src/net/http/server.go:2822 +0x3c2
net/http.serverHandler.ServeHTTP({0xc0001b2100}, {0xe8cc58, 0xc00019a1c0}, 0xc0001b08c0)
	/usr/local/go/src/net/http/server.go:3301 +0x257
net/http.(*conn).serve(0xc0001966c0, {0xe8d560, 0xc000195180})
	/usr/local/go/src/net/http/server.go:2102 +0x1b75
created by net/http.(*Server).Serve in goroutine 1
	/usr/local/go/src/net/http/server.go:3454 +0xa9a
2025/08/17 04:50:02 server.go:3640: http: panic serving [::1]:53066: template: login.html:35: bad character U+005C '\'
goroutine 3 [running]:
net/http.(*conn).serve.func1()
	/usr/local/go/src/net/http/server.go:1947 +0x13f
panic({0xd7e840?, 0xc000022250?})
	/usr/local/go/src/runtime/panic.go:792 +0x136
html/template.Must(0x0, {0xe89660, 0xc000022250})
	/usr/local/go/src/html/template/template.go:368 +0x86
go-sample-todo/app/controllers.generateAuthHTML({0xe8cc58, 0xc0000000e0}, {0x0, 0x0}, {0xc0002553f0, 0x2, 0x2})
	/opt/go/app/controllers/routing.go:40 +0x2cf
go-sample-todo/app/controllers.login({0xe8cc58, 0xc0000000e0}, 0xc00031e000)
	/opt/go/app/controllers/route_auth.go:74 +0x277
net/http.HandlerFunc.ServeHTTP(0xe47e98, {0xe8cc58, 0xc0000000e0}, 0xc00031e000)
	/usr/local/go/src/net/http/server.go:2294 +0x33
net/http.(*ServeMux).ServeHTTP(0x123a140, {0xe8cc58, 0xc0000000e0}, 0xc00031e000)
	/usr/local/go/src/net/http/server.go:2822 +0x3c2
net/http.serverHandler.ServeHTTP({0xc0001b2100}, {0xe8cc58, 0xc0000000e0}, 0xc00031e000)
	/usr/local/go/src/net/http/server.go:3301 +0x257
net/http.(*conn).serve(0xc000314000, {0xe8d560, 0xc000316000})
	/usr/local/go/src/net/http/server.go:2102 +0x1b75
created by net/http.(*Server).Serve in goroutine 1
	/usr/local/go/src/net/http/server.go:3454 +0xa9a
2025/08/17 04:50:03 server.go:3640: http: panic serving [::1]:53078: template: login.html:35: bad character U+005C '\'
goroutine 21 [running]:
net/http.(*conn).serve.func1()
	/usr/local/go/src/net/http/server.go:1947 +0x13f
panic({0xd7e840?, 0xc0000941d0?})
	/usr/local/go/src/runtime/panic.go:792 +0x136
html/template.Must(0x0, {0xe89660, 0xc0000941d0})
	/usr/local/go/src/html/template/template.go:368 +0x86
go-sample-todo/app/controllers.generateAuthHTML({0xe8cc58, 0xc0000d0000}, {0x0, 0x0}, {0xc0000bd3f0, 0x2, 0x2})
	/opt/go/app/controllers/routing.go:40 +0x2cf
go-sample-todo/app/controllers.login({0xe8cc58, 0xc0000d0000}, 0xc0000c4000)
	/opt/go/app/controllers/route_auth.go:74 +0x277
net/http.HandlerFunc.ServeHTTP(0xe47e98, {0xe8cc58, 0xc0000d0000}, 0xc0000c4000)
	/usr/local/go/src/net/http/server.go:2294 +0x33
net/http.(*ServeMux).ServeHTTP(0x123a140, {0xe8cc58, 0xc0000d0000}, 0xc0000c4000)
	/usr/local/go/src/net/http/server.go:2822 +0x3c2
net/http.serverHandler.ServeHTTP({0xc0001b2100}, {0xe8cc58, 0xc0000d0000}, 0xc0000c4000)
	/usr/local/go/src/net/http/server.go:3301 +0x257
net/http.(*conn).serve(0xc0000ae000, {0xe8d560, 0xc0000a4050})
	/usr/local/go/src/net/http/server.go:2102 +0x1b75
created by net/http.(*Server).Serve in goroutine 1
	/usr/local/go/src/net/http/server.go:3454 +0xa9a
2025/08/17 04:50:04 server.go:3640: http: panic serving [::1]:55266: template: login.html:35: bad character U+005C '\'
goroutine 5 [running]:
net/http.(*conn).serve.func1()
	/usr/local/go/src/net/http/server.go:1947 +0x13f
panic({0xd7e840?, 0xc000094390?})
	/usr/local/go/src/runtime/panic.go:792 +0x136
html/template.Must(0x0, {0xe89660, 0xc000094390})
	/usr/local/go/src/html/template/template.go:368 +0x86
go-sample-todo/app/controllers.generateAuthHTML({0xe8cc58, 0xc0000d00e0}, {0x0, 0x0}, {0xc0002553f0, 0x2, 0x2})
	/opt/go/app/controllers/routing.go:40 +0x2cf
go-sample-todo/app/controllers.login({0xe8cc58, 0xc0000d00e0}, 0xc00031e140)
	/opt/go/app/controllers/route_auth.go:74 +0x277
net/http.HandlerFunc.ServeHTTP(0xe47e98, {0xe8cc58, 0xc0000d00e0}, 0xc00031e140)
	/usr/local/go/src/net/http/server.go:2294 +0x33
net/http.(*ServeMux).ServeHTTP(0x123a140, {0xe8cc58, 0xc0000d00e0}, 0xc00031e140)
	/usr/local/go/src/net/http/server.go:2822 +0x3c2
net/http.serverHandler.ServeHTTP({0xc0001b2100}, {0xe8cc58, 0xc0000d00e0}, 0xc00031e140)
	/usr/local/go/src/net/http/server.go:3301 +0x257
net/http.(*conn).serve(0xc000314120, {0xe8d560, 0xc000316190})
	/usr/local/go/src/net/http/server.go:2102 +0x1b75
created by net/http.(*Server).Serve in goroutine 1
	/usr/local/go/src/net/http/server.go:3454 +0xa9a
2025/08/17 04:50:04 server.go:3640: http: panic serving [::1]:55274: template: login.html:35: bad character U+005C '\'
goroutine 24 [running]:
net/http.(*conn).serve.func1()
	/usr/local/go/src/net/http/server.go:1947 +0x13f
panic({0xd7e840?, 0xc000094560?})
	/usr/local/go/src/runtime/panic.go:792 +0x136
html/template.Must(0x0, {0xe89660, 0xc000094560})
	/usr/local/go/src/html/template/template.go:368 +0x86
go-sample-todo/app/controllers.generateAuthHTML({0xe8cc58, 0xc0000d01c0}, {0x0, 0x0}, {0xc0002553f0, 0x2, 0x2})
	/opt/go/app/controllers/routing.go:40 +0x2cf
go-sample-todo/app/controllers.login({0xe8cc58, 0xc0000d01c0}, 0xc0000c4140)
	/opt/go/app/controllers/route_auth.go:74 +0x277
net/http.HandlerFunc.ServeHTTP(0xe47e98, {0xe8cc58, 0xc0000d01c0}, 0xc0000c4140)
	/usr/local/go/src/net/http/server.go:2294 +0x33
net/http.(*ServeMux).ServeHTTP(0x123a140, {0xe8cc58, 0xc0000d01c0}, 0xc0000c4140)
	/usr/local/go/src/net/http/server.go:2822 +0x3c2
net/http.serverHandler.ServeHTTP({0xc0001b2100}, {0xe8cc58, 0xc0000d01c0}, 0xc0000c4140)
	/usr/local/go/src/net/http/server.go:3301 +0x257
net/http.(*conn).serve(0xc0000ae1b0, {0xe8d560, 0xc0000a4320})
	/usr/local/go/src/net/http/server.go:2102 +0x1b75
created by net/http.(*Server).Serve in goroutine 1
	/usr/local/go/src/net/http/server.go:3454 +0xa9a
2025/08/17 04:50:05 server.go:3640: http: panic serving [::1]:55290: template: login.html:35: bad character U+005C '\'
goroutine 44 [running]:
net/http.(*conn).serve.func1()
	/usr/local/go/src/net/http/server.go:1947 +0x13f
panic({0xd7e840?, 0xc0002d2250?})
	/usr/local/go/src/runtime/panic.go:792 +0x136
html/template.Must(0x0, {0xe89660, 0xc0002d2250})
	/usr/local/go/src/html/template/template.go:368 +0x86
go-sample-todo/app/controllers.generateAuthHTML({0xe8cc58, 0xc00019a2a0}, {0x0, 0x0}, {0xc0002593f0, 0x2, 0x2})
	/opt/go/app/controllers/routing.go:40 +0x2cf
go-sample-todo/app/controllers.login({0xe8cc58, 0xc00019a2a0}, 0xc0001b0a00)
	/opt/go/app/controllers/route_auth.go:74 +0x277
net/http.HandlerFunc.ServeHTTP(0xe47e98, {0xe8cc58, 0xc00019a2a0}, 0xc0001b0a00)
	/usr/local/go/src/net/http/server.go:2294 +0x33
net/http.(*ServeMux).ServeHTTP(0x123a140, {0xe8cc58, 0xc00019a2a0}, 0xc0001b0a00)
	/usr/local/go/src/net/http/server.go:2822 +0x3c2
net/http.serverHandler.ServeHTTP({0xc0001b2100}, {0xe8cc58, 0xc00019a2a0}, 0xc0001b0a00)
	/usr/local/go/src/net/http/server.go:3301 +0x257
net/http.(*conn).serve(0xc0001967e0, {0xe8d560, 0xc000195310})
	/usr/local/go/src/net/http/server.go:2102 +0x1b75
created by net/http.(*Server).Serve in goroutine 1
	/usr/local/go/src/net/http/server.go:3454 +0xa9a
2025/08/17 04:50:05 server.go:3640: http: panic serving [::1]:55294: template: login.html:35: bad character U+005C '\'
goroutine 6 [running]:
net/http.(*conn).serve.func1()
	/usr/local/go/src/net/http/server.go:1947 +0x13f
panic({0xd7e840?, 0xc000094670?})
	/usr/local/go/src/runtime/panic.go:792 +0x136
html/template.Must(0x0, {0xe89660, 0xc000094670})
	/usr/local/go/src/html/template/template.go:368 +0x86
go-sample-todo/app/controllers.generateAuthHTML({0xe8cc58, 0xc0000001c0}, {0x0, 0x0}, {0xc0002573f0, 0x2, 0x2})
	/opt/go/app/controllers/routing.go:40 +0x2cf
go-sample-todo/app/controllers.login({0xe8cc58, 0xc0000001c0}, 0xc00031e280)
	/opt/go/app/controllers/route_auth.go:74 +0x277
net/http.HandlerFunc.ServeHTTP(0xe47e98, {0xe8cc58, 0xc0000001c0}, 0xc00031e280)
	/usr/local/go/src/net/http/server.go:2294 +0x33
net/http.(*ServeMux).ServeHTTP(0x123a140, {0xe8cc58, 0xc0000001c0}, 0xc00031e280)
	/usr/local/go/src/net/http/server.go:2822 +0x3c2
net/http.serverHandler.ServeHTTP({0xc0001b2100}, {0xe8cc58, 0xc0000001c0}, 0xc00031e280)
	/usr/local/go/src/net/http/server.go:3301 +0x257
net/http.(*conn).serve(0xc0003141b0, {0xe8d560, 0xc0003161e0})
	/usr/local/go/src/net/http/server.go:2102 +0x1b75
created by net/http.(*Server).Serve in goroutine 1
	/usr/local/go/src/net/http/server.go:3454 +0xa9a
2025/08/17 04:50:05 server.go:3640: http: panic serving [::1]:55310: template: login.html:35: bad character U+005C '\'
goroutine 46 [running]:
net/http.(*conn).serve.func1()
	/usr/local/go/src/net/http/server.go:1947 +0x13f
panic({0xd7e840?, 0xc0002d2420?})
	/usr/local/go/src/runtime/panic.go:792 +0x136
html/template.Must(0x0, {0xe89660, 0xc0002d2420})
	/usr/local/go/src/html/template/template.go:368 +0x86
go-sample-todo/app/controllers.generateAuthHTML({0xe8cc58, 0xc00019a380}, {0x0, 0x0}, {0xc0002593f0, 0x2, 0x2})
	/opt/go/app/controllers/routing.go:40 +0x2cf
go-sample-todo/app/controllers.login({0xe8cc58, 0xc00019a380}, 0xc0001b0b40)
	/opt/go/app/controllers/route_auth.go:74 +0x277
net/http.HandlerFunc.ServeHTTP(0xe47e98, {0xe8cc58, 0xc00019a380}, 0xc0001b0b40)
	/usr/local/go/src/net/http/server.go:2294 +0x33
net/http.(*ServeMux).ServeHTTP(0x123a140, {0xe8cc58, 0xc00019a380}, 0xc0001b0b40)
	/usr/local/go/src/net/http/server.go:2822 +0x3c2
net/http.serverHandler.ServeHTTP({0xc0001b2100}, {0xe8cc58, 0xc00019a380}, 0xc0001b0b40)
	/usr/local/go/src/net/http/server.go:3301 +0x257
net/http.(*conn).serve(0xc000196900, {0xe8d560, 0xc0001954a0})
	/usr/local/go/src/net/http/server.go:2102 +0x1b75
created by net/http.(*Server).Serve in goroutine 1
	/usr/local/go/src/net/http/server.go:3454 +0xa9a
2025/08/17 04:50:06 server.go:3640: http: panic serving [::1]:55322: template: login.html:35: bad character U+005C '\'
goroutine 8 [running]:
net/http.(*conn).serve.func1()
	/usr/local/go/src/net/http/server.go:1947 +0x13f
panic({0xd7e840?, 0xc0000224f0?})
	/usr/local/go/src/runtime/panic.go:792 +0x136
html/template.Must(0x0, {0xe89660, 0xc0000224f0})
	/usr/local/go/src/html/template/template.go:368 +0x86
go-sample-todo/app/controllers.generateAuthHTML({0xe8cc58, 0xc0000002a0}, {0x0, 0x0}, {0xc0002573f0, 0x2, 0x2})
	/opt/go/app/controllers/routing.go:40 +0x2cf
go-sample-todo/app/controllers.login({0xe8cc58, 0xc0000002a0}, 0xc00031e3c0)
	/opt/go/app/controllers/route_auth.go:74 +0x277
net/http.HandlerFunc.ServeHTTP(0xe47e98, {0xe8cc58, 0xc0000002a0}, 0xc00031e3c0)
	/usr/local/go/src/net/http/server.go:2294 +0x33
net/http.(*ServeMux).ServeHTTP(0x123a140, {0xe8cc58, 0xc0000002a0}, 0xc00031e3c0)
	/usr/local/go/src/net/http/server.go:2822 +0x3c2
net/http.serverHandler.ServeHTTP({0xc0001b2100}, {0xe8cc58, 0xc0000002a0}, 0xc00031e3c0)
	/usr/local/go/src/net/http/server.go:3301 +0x257
net/http.(*conn).serve(0xc0003142d0, {0xe8d560, 0xc000316320})
	/usr/local/go/src/net/http/server.go:2102 +0x1b75
created by net/http.(*Server).Serve in goroutine 1
	/usr/local/go/src/net/http/server.go:3454 +0xa9a
time=2025-08-17T04:52:12.446Z level=DEBUG msg="debug Logging start" output=multi file=logs/app.log
time=2025-08-17T04:52:12.447Z level=DEBUG msg="start " file=/opt/go/main.go line=40 funcName=main.main
time=2025-08-17T04:52:12.447Z level=DEBUG msg="DB access init " funcName=go-sample-todo/app/models.InitDb file=/opt/go/app/models/base.go line=29
time=2025-08-17T04:52:12.447Z level=DEBUG msg="DB access init " con="golang:golang@tcp(db:3306)/golang?charset=utf8mb4&parseTime=True&loc=Asia%2FTokyo" func=go-sample-todo/app/models.InitDb file=/opt/go/app/models/base.go line=44
time=2025-08-17T04:52:12.482Z level=INFO msg="start Server " port=8881
2025/08/17 04:52:19 server.go:3640: http: panic serving [::1]:58652: template: login.html:35: bad character U+0022 '"'
goroutine 50 [running]:
net/http.(*conn).serve.func1()
	/usr/local/go/src/net/http/server.go:1947 +0x13f
panic({0xd7e840?, 0xc00009c320?})
	/usr/local/go/src/runtime/panic.go:792 +0x136
html/template.Must(0x0, {0xe89660, 0xc00009c320})
	/usr/local/go/src/html/template/template.go:368 +0x86
go-sample-todo/app/controllers.generateAuthHTML({0xe8cc58, 0xc0000e60e0}, {0x0, 0x0}, {0xc0000dd3f0, 0x2, 0x2})
	/opt/go/app/controllers/routing.go:40 +0x2cf
go-sample-todo/app/controllers.login({0xe8cc58, 0xc0000e60e0}, 0xc0000e2000)
	/opt/go/app/controllers/route_auth.go:74 +0x277
net/http.HandlerFunc.ServeHTTP(0xe47e98, {0xe8cc58, 0xc0000e60e0}, 0xc0000e2000)
	/usr/local/go/src/net/http/server.go:2294 +0x33
net/http.(*ServeMux).ServeHTTP(0x123a140, {0xe8cc58, 0xc0000e60e0}, 0xc0000e2000)
	/usr/local/go/src/net/http/server.go:2822 +0x3c2
net/http.serverHandler.ServeHTTP({0xc000332000}, {0xe8cc58, 0xc0000e60e0}, 0xc0000e2000)
	/usr/local/go/src/net/http/server.go:3301 +0x257
net/http.(*conn).serve(0xc00034a090, {0xe8d560, 0xc000322aa0})
	/usr/local/go/src/net/http/server.go:2102 +0x1b75
created by net/http.(*Server).Serve in goroutine 1
	/usr/local/go/src/net/http/server.go:3454 +0xa9a
2025/08/17 04:52:20 server.go:3640: http: panic serving [::1]:58664: template: login.html:35: bad character U+0022 '"'
goroutine 24 [running]:
net/http.(*conn).serve.func1()
	/usr/local/go/src/net/http/server.go:1947 +0x13f
panic({0xd7e840?, 0xc00009c4f0?})
	/usr/local/go/src/runtime/panic.go:792 +0x136
html/template.Must(0x0, {0xe89660, 0xc00009c4f0})
	/usr/local/go/src/html/template/template.go:368 +0x86
go-sample-todo/app/controllers.generateAuthHTML({0xe8cc58, 0xc0000e62a0}, {0x0, 0x0}, {0xc0002173f0, 0x2, 0x2})
	/opt/go/app/controllers/routing.go:40 +0x2cf
go-sample-todo/app/controllers.login({0xe8cc58, 0xc0000e62a0}, 0xc0000e2140)
	/opt/go/app/controllers/route_auth.go:74 +0x277
net/http.HandlerFunc.ServeHTTP(0xe47e98, {0xe8cc58, 0xc0000e62a0}, 0xc0000e2140)
	/usr/local/go/src/net/http/server.go:2294 +0x33
net/http.(*ServeMux).ServeHTTP(0x123a140, {0xe8cc58, 0xc0000e62a0}, 0xc0000e2140)
	/usr/local/go/src/net/http/server.go:2822 +0x3c2
net/http.serverHandler.ServeHTTP({0xc000332000}, {0xe8cc58, 0xc0000e62a0}, 0xc0000e2140)
	/usr/local/go/src/net/http/server.go:3301 +0x257
net/http.(*conn).serve(0xc0000e4090, {0xe8d560, 0xc0000ee140})
	/usr/local/go/src/net/http/server.go:2102 +0x1b75
created by net/http.(*Server).Serve in goroutine 1
	/usr/local/go/src/net/http/server.go:3454 +0xa9a
2025/08/17 04:52:20 server.go:3640: http: panic serving [::1]:58672: template: login.html:35: bad character U+0022 '"'
goroutine 6 [running]:
net/http.(*conn).serve.func1()
	/usr/local/go/src/net/http/server.go:1947 +0x13f
panic({0xd7e840?, 0xc000023a30?})
	/usr/local/go/src/runtime/panic.go:792 +0x136
html/template.Must(0x0, {0xe89660, 0xc000023a30})
	/usr/local/go/src/html/template/template.go:368 +0x86
go-sample-todo/app/controllers.generateAuthHTML({0xe8cc58, 0xc0000002a0}, {0x0, 0x0}, {0xc00021b3f0, 0x2, 0x2})
	/opt/go/app/controllers/routing.go:40 +0x2cf
go-sample-todo/app/controllers.login({0xe8cc58, 0xc0000002a0}, 0xc000198780)
	/opt/go/app/controllers/route_auth.go:74 +0x277
net/http.HandlerFunc.ServeHTTP(0xe47e98, {0xe8cc58, 0xc0000002a0}, 0xc000198780)
	/usr/local/go/src/net/http/server.go:2294 +0x33
net/http.(*ServeMux).ServeHTTP(0x123a140, {0xe8cc58, 0xc0000002a0}, 0xc000198780)
	/usr/local/go/src/net/http/server.go:2822 +0x3c2
net/http.serverHandler.ServeHTTP({0xc000332000}, {0xe8cc58, 0xc0000002a0}, 0xc000198780)
	/usr/local/go/src/net/http/server.go:3301 +0x257
net/http.(*conn).serve(0xc000180480, {0xe8d560, 0xc00017e550})
	/usr/local/go/src/net/http/server.go:2102 +0x1b75
created by net/http.(*Server).Serve in goroutine 1
	/usr/local/go/src/net/http/server.go:3454 +0xa9a
2025/08/17 04:52:21 server.go:3640: http: panic serving [::1]:58688: template: login.html:35: bad character U+0022 '"'
goroutine 52 [running]:
net/http.(*conn).serve.func1()
	/usr/local/go/src/net/http/server.go:1947 +0x13f
panic({0xd7e840?, 0xc000316650?})
	/usr/local/go/src/runtime/panic.go:792 +0x136
html/template.Must(0x0, {0xe89660, 0xc000316650})
	/usr/local/go/src/html/template/template.go:368 +0x86
go-sample-todo/app/controllers.generateAuthHTML({0xe8cc58, 0xc00036c1c0}, {0x0, 0x0}, {0xc0003533f0, 0x2, 0x2})
	/opt/go/app/controllers/routing.go:40 +0x2cf
go-sample-todo/app/controllers.login({0xe8cc58, 0xc00036c1c0}, 0xc00035a140)
	/opt/go/app/controllers/route_auth.go:74 +0x277
net/http.HandlerFunc.ServeHTTP(0xe47e98, {0xe8cc58, 0xc00036c1c0}, 0xc00035a140)
	/usr/local/go/src/net/http/server.go:2294 +0x33
net/http.(*ServeMux).ServeHTTP(0x123a140, {0xe8cc58, 0xc00036c1c0}, 0xc00035a140)
	/usr/local/go/src/net/http/server.go:2822 +0x3c2
net/http.serverHandler.ServeHTTP({0xc000332000}, {0xe8cc58, 0xc00036c1c0}, 0xc00035a140)
	/usr/local/go/src/net/http/server.go:3301 +0x257
net/http.(*conn).serve(0xc00034a240, {0xe8d560, 0xc000322d20})
	/usr/local/go/src/net/http/server.go:2102 +0x1b75
created by net/http.(*Server).Serve in goroutine 1
	/usr/local/go/src/net/http/server.go:3454 +0xa9a
2025/08/17 04:52:21 server.go:3640: http: panic serving [::1]:58696: template: login.html:35: bad character U+0022 '"'
goroutine 26 [running]:
net/http.(*conn).serve.func1()
	/usr/local/go/src/net/http/server.go:1947 +0x13f
panic({0xd7e840?, 0xc00009c6c0?})
	/usr/local/go/src/runtime/panic.go:792 +0x136
html/template.Must(0x0, {0xe89660, 0xc00009c6c0})
	/usr/local/go/src/html/template/template.go:368 +0x86
go-sample-todo/app/controllers.generateAuthHTML({0xe8cc58, 0xc0000e6460}, {0x0, 0x0}, {0xc0002173f0, 0x2, 0x2})
	/opt/go/app/controllers/routing.go:40 +0x2cf
go-sample-todo/app/controllers.login({0xe8cc58, 0xc0000e6460}, 0xc0000e2280)
	/opt/go/app/controllers/route_auth.go:74 +0x277
net/http.HandlerFunc.ServeHTTP(0xe47e98, {0xe8cc58, 0xc0000e6460}, 0xc0000e2280)
	/usr/local/go/src/net/http/server.go:2294 +0x33
net/http.(*ServeMux).ServeHTTP(0x123a140, {0xe8cc58, 0xc0000e6460}, 0xc0000e2280)
	/usr/local/go/src/net/http/server.go:2822 +0x3c2
net/http.serverHandler.ServeHTTP({0xc000332000}, {0xe8cc58, 0xc0000e6460}, 0xc0000e2280)
	/usr/local/go/src/net/http/server.go:3301 +0x257
net/http.(*conn).serve(0xc0000e41b0, {0xe8d560, 0xc0000ee2d0})
	/usr/local/go/src/net/http/server.go:2102 +0x1b75
created by net/http.(*Server).Serve in goroutine 1
	/usr/local/go/src/net/http/server.go:3454 +0xa9a
2025/08/17 04:52:21 server.go:3640: http: panic serving [::1]:58700: template: login.html:35: bad character U+0022 '"'
goroutine 54 [running]:
net/http.(*conn).serve.func1()
	/usr/local/go/src/net/http/server.go:1947 +0x13f
panic({0xd7e840?, 0xc000316820?})
	/usr/local/go/src/runtime/panic.go:792 +0x136
html/template.Must(0x0, {0xe89660, 0xc000316820})
	/usr/local/go/src/html/template/template.go:368 +0x86
go-sample-todo/app/controllers.generateAuthHTML({0xe8cc58, 0xc00036c380}, {0x0, 0x0}, {0xc0003533f0, 0x2, 0x2})
	/opt/go/app/controllers/routing.go:40 +0x2cf
go-sample-todo/app/controllers.login({0xe8cc58, 0xc00036c380}, 0xc00035a280)
	/opt/go/app/controllers/route_auth.go:74 +0x277
net/http.HandlerFunc.ServeHTTP(0xe47e98, {0xe8cc58, 0xc00036c380}, 0xc00035a280)
	/usr/local/go/src/net/http/server.go:2294 +0x33
net/http.(*ServeMux).ServeHTTP(0x123a140, {0xe8cc58, 0xc00036c380}, 0xc00035a280)
	/usr/local/go/src/net/http/server.go:2822 +0x3c2
net/http.serverHandler.ServeHTTP({0xc000332000}, {0xe8cc58, 0xc00036c380}, 0xc00035a280)
	/usr/local/go/src/net/http/server.go:3301 +0x257
net/http.(*conn).serve(0xc00034a360, {0xe8d560, 0xc000322eb0})
	/usr/local/go/src/net/http/server.go:2102 +0x1b75
created by net/http.(*Server).Serve in goroutine 1
	/usr/local/go/src/net/http/server.go:3454 +0xa9a
2025/08/17 04:52:22 server.go:3640: http: panic serving [::1]:58712: template: login.html:35: bad character U+0022 '"'
goroutine 28 [running]:
net/http.(*conn).serve.func1()
	/usr/local/go/src/net/http/server.go:1947 +0x13f
panic({0xd7e840?, 0xc00009c890?})
	/usr/local/go/src/runtime/panic.go:792 +0x136
html/template.Must(0x0, {0xe89660, 0xc00009c890})
	/usr/local/go/src/html/template/template.go:368 +0x86
go-sample-todo/app/controllers.generateAuthHTML({0xe8cc58, 0xc0000e6620}, {0x0, 0x0}, {0xc0002173f0, 0x2, 0x2})
	/opt/go/app/controllers/routing.go:40 +0x2cf
go-sample-todo/app/controllers.login({0xe8cc58, 0xc0000e6620}, 0xc0000e23c0)
	/opt/go/app/controllers/route_auth.go:74 +0x277
net/http.HandlerFunc.ServeHTTP(0xe47e98, {0xe8cc58, 0xc0000e6620}, 0xc0000e23c0)
	/usr/local/go/src/net/http/server.go:2294 +0x33
net/http.(*ServeMux).ServeHTTP(0x123a140, {0xe8cc58, 0xc0000e6620}, 0xc0000e23c0)
	/usr/local/go/src/net/http/server.go:2822 +0x3c2
net/http.serverHandler.ServeHTTP({0xc000332000}, {0xe8cc58, 0xc0000e6620}, 0xc0000e23c0)
	/usr/local/go/src/net/http/server.go:3301 +0x257
net/http.(*conn).serve(0xc0000e42d0, {0xe8d560, 0xc0000ee460})
	/usr/local/go/src/net/http/server.go:2102 +0x1b75
created by net/http.(*Server).Serve in goroutine 1
	/usr/local/go/src/net/http/server.go:3454 +0xa9a
2025/08/17 04:52:22 server.go:3640: http: panic serving [::1]:58714: template: login.html:35: bad character U+0022 '"'
goroutine 8 [running]:
net/http.(*conn).serve.func1()
	/usr/local/go/src/net/http/server.go:1947 +0x13f
panic({0xd7e840?, 0xc000023c00?})
	/usr/local/go/src/runtime/panic.go:792 +0x136
html/template.Must(0x0, {0xe89660, 0xc000023c00})
	/usr/local/go/src/html/template/template.go:368 +0x86
go-sample-todo/app/controllers.generateAuthHTML({0xe8cc58, 0xc000000460}, {0x0, 0x0}, {0xc00021b3f0, 0x2, 0x2})
	/opt/go/app/controllers/routing.go:40 +0x2cf
go-sample-todo/app/controllers.login({0xe8cc58, 0xc000000460}, 0xc0001988c0)
	/opt/go/app/controllers/route_auth.go:74 +0x277
net/http.HandlerFunc.ServeHTTP(0xe47e98, {0xe8cc58, 0xc000000460}, 0xc0001988c0)
	/usr/local/go/src/net/http/server.go:2294 +0x33
net/http.(*ServeMux).ServeHTTP(0x123a140, {0xe8cc58, 0xc000000460}, 0xc0001988c0)
	/usr/local/go/src/net/http/server.go:2822 +0x3c2
net/http.serverHandler.ServeHTTP({0xc000332000}, {0xe8cc58, 0xc000000460}, 0xc0001988c0)
	/usr/local/go/src/net/http/server.go:3301 +0x257
net/http.(*conn).serve(0xc0001805a0, {0xe8d560, 0xc00017e6e0})
	/usr/local/go/src/net/http/server.go:2102 +0x1b75
created by net/http.(*Server).Serve in goroutine 1
	/usr/local/go/src/net/http/server.go:3454 +0xa9a
2025/08/17 04:52:23 server.go:3640: http: panic serving [::1]:58730: template: login.html:35: bad character U+0022 '"'
goroutine 10 [running]:
net/http.(*conn).serve.func1()
	/usr/local/go/src/net/http/server.go:1947 +0x13f
panic({0xd7e840?, 0xc000023dd0?})
	/usr/local/go/src/runtime/panic.go:792 +0x136
html/template.Must(0x0, {0xe89660, 0xc000023dd0})
	/usr/local/go/src/html/template/template.go:368 +0x86
go-sample-todo/app/controllers.generateAuthHTML({0xe8cc58, 0xc000000620}, {0x0, 0x0}, {0xc00021b3f0, 0x2, 0x2})
	/opt/go/app/controllers/routing.go:40 +0x2cf
go-sample-todo/app/controllers.login({0xe8cc58, 0xc000000620}, 0xc000198a00)
	/opt/go/app/controllers/route_auth.go:74 +0x277
net/http.HandlerFunc.ServeHTTP(0xe47e98, {0xe8cc58, 0xc000000620}, 0xc000198a00)
	/usr/local/go/src/net/http/server.go:2294 +0x33
net/http.(*ServeMux).ServeHTTP(0x123a140, {0xe8cc58, 0xc000000620}, 0xc000198a00)
	/usr/local/go/src/net/http/server.go:2822 +0x3c2
net/http.serverHandler.ServeHTTP({0xc000332000}, {0xe8cc58, 0xc000000620}, 0xc000198a00)
	/usr/local/go/src/net/http/server.go:3301 +0x257
net/http.(*conn).serve(0xc0001806c0, {0xe8d560, 0xc00017e820})
	/usr/local/go/src/net/http/server.go:2102 +0x1b75
created by net/http.(*Server).Serve in goroutine 1
	/usr/local/go/src/net/http/server.go:3454 +0xa9a
2025/08/17 04:52:23 server.go:3640: http: panic serving [::1]:58738: template: login.html:35: bad character U+0022 '"'
goroutine 12 [running]:
net/http.(*conn).serve.func1()
	/usr/local/go/src/net/http/server.go:1947 +0x13f
panic({0xd7e840?, 0xc00027e020?})
	/usr/local/go/src/runtime/panic.go:792 +0x136
html/template.Must(0x0, {0xe89660, 0xc00027e020})
	/usr/local/go/src/html/template/template.go:368 +0x86
go-sample-todo/app/controllers.generateAuthHTML({0xe8cc58, 0xc0000007e0}, {0x0, 0x0}, {0xc00021b3f0, 0x2, 0x2})
	/opt/go/app/controllers/routing.go:40 +0x2cf
go-sample-todo/app/controllers.login({0xe8cc58, 0xc0000007e0}, 0xc000198b40)
	/opt/go/app/controllers/route_auth.go:74 +0x277
net/http.HandlerFunc.ServeHTTP(0xe47e98, {0xe8cc58, 0xc0000007e0}, 0xc000198b40)
	/usr/local/go/src/net/http/server.go:2294 +0x33
net/http.(*ServeMux).ServeHTTP(0x123a140, {0xe8cc58, 0xc0000007e0}, 0xc000198b40)
	/usr/local/go/src/net/http/server.go:2822 +0x3c2
net/http.serverHandler.ServeHTTP({0xc000332000}, {0xe8cc58, 0xc0000007e0}, 0xc000198b40)
	/usr/local/go/src/net/http/server.go:3301 +0x257
net/http.(*conn).serve(0xc0001807e0, {0xe8d560, 0xc00017e9b0})
	/usr/local/go/src/net/http/server.go:2102 +0x1b75
created by net/http.(*Server).Serve in goroutine 1
	/usr/local/go/src/net/http/server.go:3454 +0xa9a
time=2025-08-17T04:56:54.551Z level=DEBUG msg="debug Logging start" output=multi file=logs/app.log
time=2025-08-17T04:56:54.552Z level=DEBUG msg="start " file=/opt/go/main.go line=40 funcName=main.main
time=2025-08-17T04:56:54.552Z level=DEBUG msg="DB access init " funcName=go-sample-todo/app/models.InitDb file=/opt/go/app/models/base.go line=29
time=2025-08-17T04:56:54.552Z level=DEBUG msg="DB access init " con="golang:golang@tcp(db:3306)/golang?charset=utf8mb4&parseTime=True&loc=Asia%2FTokyo" func=go-sample-todo/app/models.InitDb file=/opt/go/app/models/base.go line=44
time=2025-08-17T04:56:54.591Z level=INFO msg="start Server " port=8881
time=2025-08-17T04:57:11.971Z level=DEBUG msg="login validation error " errors="map[LoginUser.Email:Emailの長さは少なくとも8文字はなければなりません LoginUser.Password:Passwordの長さは少なくとも8文字はなければなりません]" file=/opt/go/app/controllers/route_auth.go func=go-sample-todo/app/controllers.validateAuthenticate line=120
time=2025-08-17T05:23:45.403Z level=DEBUG msg="debug Logging start" output=multi file=logs/app.log
time=2025-08-17T05:23:45.404Z level=DEBUG msg="start " file=/opt/go/main.go line=40 funcName=main.main
time=2025-08-17T05:23:45.404Z level=DEBUG msg="DB access init " funcName=go-sample-todo/app/models.InitDb file=/opt/go/app/models/base.go line=29
time=2025-08-17T05:23:45.404Z level=DEBUG msg="DB access init " con="golang:golang@tcp(db:3306)/golang?charset=utf8mb4&parseTime=True&loc=Asia%2FTokyo" func=go-sample-todo/app/models.InitDb file=/opt/go/app/models/base.go line=44
time=2025-08-17T05:23:45.461Z level=INFO msg="start Server " port=8881
2025/08/17 05:23:50 server.go:3640: http: panic serving [::1]:34390: template: login.html:36: bad character U+0024 '$'
goroutine 18 [running]:
net/http.(*conn).serve.func1()
	/usr/local/go/src/net/http/server.go:1947 +0x13f
panic({0xd7e840?, 0xc0001164f0?})
	/usr/local/go/src/runtime/panic.go:792 +0x136
html/template.Must(0x0, {0xe89660, 0xc0001164f0})
	/usr/local/go/src/html/template/template.go:368 +0x86
go-sample-todo/app/controllers.generateAuthHTML({0xe8cc58, 0xc00017e000}, {0x0, 0x0}, {0xc00011d3f0, 0x2, 0x2})
	/opt/go/app/controllers/routing.go:40 +0x2cf
go-sample-todo/app/controllers.login({0xe8cc58, 0xc00017e000}, 0xc00016e000)
	/opt/go/app/controllers/route_auth.go:74 +0x277
net/http.HandlerFunc.ServeHTTP(0xe47e98, {0xe8cc58, 0xc00017e000}, 0xc00016e000)
	/usr/local/go/src/net/http/server.go:2294 +0x33
net/http.(*ServeMux).ServeHTTP(0x123a140, {0xe8cc58, 0xc00017e000}, 0xc00016e000)
	/usr/local/go/src/net/http/server.go:2822 +0x3c2
net/http.serverHandler.ServeHTTP({0xc000152000}, {0xe8cc58, 0xc00017e000}, 0xc00016e000)
	/usr/local/go/src/net/http/server.go:3301 +0x257
net/http.(*conn).serve(0xc000168090, {0xe8d560, 0xc000144aa0})
	/usr/local/go/src/net/http/server.go:2102 +0x1b75
created by net/http.(*Server).Serve in goroutine 1
	/usr/local/go/src/net/http/server.go:3454 +0xa9a
2025/08/17 05:23:51 server.go:3640: http: panic serving [::1]:34396: template: login.html:36: bad character U+0024 '$'
goroutine 12 [running]:
net/http.(*conn).serve.func1()
	/usr/local/go/src/net/http/server.go:1947 +0x13f
panic({0xd7e840?, 0xc0001166d0?})
	/usr/local/go/src/runtime/panic.go:792 +0x136
html/template.Must(0x0, {0xe89660, 0xc0001166d0})
	/usr/local/go/src/html/template/template.go:368 +0x86
go-sample-todo/app/controllers.generateAuthHTML({0xe8cc58, 0xc00017e0e0}, {0x0, 0x0}, {0xc0002993f0, 0x2, 0x2})
	/opt/go/app/controllers/routing.go:40 +0x2cf
go-sample-todo/app/controllers.login({0xe8cc58, 0xc00017e0e0}, 0xc000198780)
	/opt/go/app/controllers/route_auth.go:74 +0x277
net/http.HandlerFunc.ServeHTTP(0xe47e98, {0xe8cc58, 0xc00017e0e0}, 0xc000198780)
	/usr/local/go/src/net/http/server.go:2294 +0x33
net/http.(*ServeMux).ServeHTTP(0x123a140, {0xe8cc58, 0xc00017e0e0}, 0xc000198780)
	/usr/local/go/src/net/http/server.go:2822 +0x3c2
net/http.serverHandler.ServeHTTP({0xc000152000}, {0xe8cc58, 0xc00017e0e0}, 0xc000198780)
	/usr/local/go/src/net/http/server.go:3301 +0x257
net/http.(*conn).serve(0xc0000fe480, {0xe8d560, 0xc0000fc5a0})
	/usr/local/go/src/net/http/server.go:2102 +0x1b75
created by net/http.(*Server).Serve in goroutine 1
	/usr/local/go/src/net/http/server.go:3454 +0xa9a
2025/08/17 05:23:51 server.go:3640: http: panic serving [::1]:34406: template: login.html:36: bad character U+0024 '$'
goroutine 34 [running]:
net/http.(*conn).serve.func1()
	/usr/local/go/src/net/http/server.go:1947 +0x13f
panic({0xd7e840?, 0xc00022c1d0?})
	/usr/local/go/src/runtime/panic.go:792 +0x136
html/template.Must(0x0, {0xe89660, 0xc00022c1d0})
	/usr/local/go/src/html/template/template.go:368 +0x86
go-sample-todo/app/controllers.generateAuthHTML({0xe8cc58, 0xc00023c000}, {0x0, 0x0}, {0xc0002293f0, 0x2, 0x2})
	/opt/go/app/controllers/routing.go:40 +0x2cf
go-sample-todo/app/controllers.login({0xe8cc58, 0xc00023c000}, 0xc00022e000)
	/opt/go/app/controllers/route_auth.go:74 +0x277
net/http.HandlerFunc.ServeHTTP(0xe47e98, {0xe8cc58, 0xc00023c000}, 0xc00022e000)
	/usr/local/go/src/net/http/server.go:2294 +0x33
net/http.(*ServeMux).ServeHTTP(0x123a140, {0xe8cc58, 0xc00023c000}, 0xc00022e000)
	/usr/local/go/src/net/http/server.go:2822 +0x3c2
net/http.serverHandler.ServeHTTP({0xc000152000}, {0xe8cc58, 0xc00023c000}, 0xc00022e000)
	/usr/local/go/src/net/http/server.go:3301 +0x257
net/http.(*conn).serve(0xc000210000, {0xe8d560, 0xc000208050})
	/usr/local/go/src/net/http/server.go:2102 +0x1b75
created by net/http.(*Server).Serve in goroutine 1
	/usr/local/go/src/net/http/server.go:3454 +0xa9a
2025/08/17 05:23:52 server.go:3640: http: panic serving [::1]:34408: template: login.html:36: bad character U+0024 '$'
goroutine 13 [running]:
net/http.(*conn).serve.func1()
	/usr/local/go/src/net/http/server.go:1947 +0x13f
panic({0xd7e840?, 0xc000023c00?})
	/usr/local/go/src/runtime/panic.go:792 +0x136
html/template.Must(0x0, {0xe89660, 0xc000023c00})
	/usr/local/go/src/html/template/template.go:368 +0x86
go-sample-todo/app/controllers.generateAuthHTML({0xe8cc58, 0xc0000001c0}, {0x0, 0x0}, {0xc00029b3f0, 0x2, 0x2})
	/opt/go/app/controllers/routing.go:40 +0x2cf
go-sample-todo/app/controllers.login({0xe8cc58, 0xc0000001c0}, 0xc0001988c0)
	/opt/go/app/controllers/route_auth.go:74 +0x277
net/http.HandlerFunc.ServeHTTP(0xe47e98, {0xe8cc58, 0xc0000001c0}, 0xc0001988c0)
	/usr/local/go/src/net/http/server.go:2294 +0x33
net/http.(*ServeMux).ServeHTTP(0x123a140, {0xe8cc58, 0xc0000001c0}, 0xc0001988c0)
	/usr/local/go/src/net/http/server.go:2822 +0x3c2
net/http.serverHandler.ServeHTTP({0xc000152000}, {0xe8cc58, 0xc0000001c0}, 0xc0001988c0)
	/usr/local/go/src/net/http/server.go:3301 +0x257
net/http.(*conn).serve(0xc0000fe510, {0xe8d560, 0xc0000fc5f0})
	/usr/local/go/src/net/http/server.go:2102 +0x1b75
created by net/http.(*Server).Serve in goroutine 1
	/usr/local/go/src/net/http/server.go:3454 +0xa9a
2025/08/17 05:23:52 server.go:3640: http: panic serving [::1]:34412: template: login.html:36: bad character U+0024 '$'
goroutine 15 [running]:
net/http.(*conn).serve.func1()
	/usr/local/go/src/net/http/server.go:1947 +0x13f
panic({0xd7e840?, 0xc000023df0?})
	/usr/local/go/src/runtime/panic.go:792 +0x136
html/template.Must(0x0, {0xe89660, 0xc000023df0})
	/usr/local/go/src/html/template/template.go:368 +0x86
go-sample-todo/app/controllers.generateAuthHTML({0xe8cc58, 0xc0000002a0}, {0x0, 0x0}, {0xc00029b3f0, 0x2, 0x2})
	/opt/go/app/controllers/routing.go:40 +0x2cf
go-sample-todo/app/controllers.login({0xe8cc58, 0xc0000002a0}, 0xc000198a00)
	/opt/go/app/controllers/route_auth.go:74 +0x277
net/http.HandlerFunc.ServeHTTP(0xe47e98, {0xe8cc58, 0xc0000002a0}, 0xc000198a00)
	/usr/local/go/src/net/http/server.go:2294 +0x33
net/http.(*ServeMux).ServeHTTP(0x123a140, {0xe8cc58, 0xc0000002a0}, 0xc000198a00)
	/usr/local/go/src/net/http/server.go:2822 +0x3c2
net/http.serverHandler.ServeHTTP({0xc000152000}, {0xe8cc58, 0xc0000002a0}, 0xc000198a00)
	/usr/local/go/src/net/http/server.go:3301 +0x257
net/http.(*conn).serve(0xc0000fe630, {0xe8d560, 0xc0000fc780})
	/usr/local/go/src/net/http/server.go:2102 +0x1b75
created by net/http.(*Server).Serve in goroutine 1
	/usr/local/go/src/net/http/server.go:3454 +0xa9a
2025/08/17 05:23:52 server.go:3640: http: panic serving [::1]:34416: template: login.html:36: bad character U+0024 '$'
goroutine 21 [running]:
net/http.(*conn).serve.func1()
	/usr/local/go/src/net/http/server.go:1947 +0x13f
panic({0xd7e840?, 0xc0001168c0?})
	/usr/local/go/src/runtime/panic.go:792 +0x136
html/template.Must(0x0, {0xe89660, 0xc0001168c0})
	/usr/local/go/src/html/template/template.go:368 +0x86
go-sample-todo/app/controllers.generateAuthHTML({0xe8cc58, 0xc00017e1c0}, {0x0, 0x0}, {0xc0002993f0, 0x2, 0x2})
	/opt/go/app/controllers/routing.go:40 +0x2cf
go-sample-todo/app/controllers.login({0xe8cc58, 0xc00017e1c0}, 0xc00016e140)
	/opt/go/app/controllers/route_auth.go:74 +0x277
net/http.HandlerFunc.ServeHTTP(0xe47e98, {0xe8cc58, 0xc00017e1c0}, 0xc00016e140)
	/usr/local/go/src/net/http/server.go:2294 +0x33
net/http.(*ServeMux).ServeHTTP(0x123a140, {0xe8cc58, 0xc00017e1c0}, 0xc00016e140)
	/usr/local/go/src/net/http/server.go:2822 +0x3c2
net/http.serverHandler.ServeHTTP({0xc000152000}, {0xe8cc58, 0xc00017e1c0}, 0xc00016e140)
	/usr/local/go/src/net/http/server.go:3301 +0x257
net/http.(*conn).serve(0xc0001682d0, {0xe8d560, 0xc000144d20})
	/usr/local/go/src/net/http/server.go:2102 +0x1b75
created by net/http.(*Server).Serve in goroutine 1
	/usr/local/go/src/net/http/server.go:3454 +0xa9a
2025/08/17 05:23:53 server.go:3640: http: panic serving [::1]:34430: template: login.html:36: bad character U+0024 '$'
goroutine 36 [running]:
net/http.(*conn).serve.func1()
	/usr/local/go/src/net/http/server.go:1947 +0x13f
panic({0xd7e840?, 0xc00022c3c0?})
	/usr/local/go/src/runtime/panic.go:792 +0x136
html/template.Must(0x0, {0xe89660, 0xc00022c3c0})
	/usr/local/go/src/html/template/template.go:368 +0x86
go-sample-todo/app/controllers.generateAuthHTML({0xe8cc58, 0xc00023c0e0}, {0x0, 0x0}, {0xc0002293f0, 0x2, 0x2})
	/opt/go/app/controllers/routing.go:40 +0x2cf
go-sample-todo/app/controllers.login({0xe8cc58, 0xc00023c0e0}, 0xc00022e140)
	/opt/go/app/controllers/route_auth.go:74 +0x277
net/http.HandlerFunc.ServeHTTP(0xe47e98, {0xe8cc58, 0xc00023c0e0}, 0xc00022e140)
	/usr/local/go/src/net/http/server.go:2294 +0x33
net/http.(*ServeMux).ServeHTTP(0x123a140, {0xe8cc58, 0xc00023c0e0}, 0xc00022e140)
	/usr/local/go/src/net/http/server.go:2822 +0x3c2
net/http.serverHandler.ServeHTTP({0xc000152000}, {0xe8cc58, 0xc00023c0e0}, 0xc00022e140)
	/usr/local/go/src/net/http/server.go:3301 +0x257
net/http.(*conn).serve(0xc000210120, {0xe8d560, 0xc0002081e0})
	/usr/local/go/src/net/http/server.go:2102 +0x1b75
created by net/http.(*Server).Serve in goroutine 1
	/usr/local/go/src/net/http/server.go:3454 +0xa9a
2025/08/17 05:23:53 server.go:3640: http: panic serving [::1]:34440: template: login.html:36: bad character U+0024 '$'
goroutine 50 [running]:
net/http.(*conn).serve.func1()
	/usr/local/go/src/net/http/server.go:1947 +0x13f
panic({0xd7e840?, 0xc000396060?})
	/usr/local/go/src/runtime/panic.go:792 +0x136
html/template.Must(0x0, {0xe89660, 0xc000396060})
	/usr/local/go/src/html/template/template.go:368 +0x86
go-sample-todo/app/controllers.generateAuthHTML({0xe8cc58, 0xc000000380}, {0x0, 0x0}, {0xc00029b3f0, 0x2, 0x2})
	/opt/go/app/controllers/routing.go:40 +0x2cf
go-sample-todo/app/controllers.login({0xe8cc58, 0xc000000380}, 0xc000198b40)
	/opt/go/app/controllers/route_auth.go:74 +0x277
net/http.HandlerFunc.ServeHTTP(0xe47e98, {0xe8cc58, 0xc000000380}, 0xc000198b40)
	/usr/local/go/src/net/http/server.go:2294 +0x33
net/http.(*ServeMux).ServeHTTP(0x123a140, {0xe8cc58, 0xc000000380}, 0xc000198b40)
	/usr/local/go/src/net/http/server.go:2822 +0x3c2
net/http.serverHandler.ServeHTTP({0xc000152000}, {0xe8cc58, 0xc000000380}, 0xc000198b40)
	/usr/local/go/src/net/http/server.go:3301 +0x257
net/http.(*conn).serve(0xc0000fe750, {0xe8d560, 0xc0000fc910})
	/usr/local/go/src/net/http/server.go:2102 +0x1b75
created by net/http.(*Server).Serve in goroutine 1
	/usr/local/go/src/net/http/server.go:3454 +0xa9a
2025/08/17 05:23:54 server.go:3640: http: panic serving [::1]:51458: template: login.html:36: bad character U+0024 '$'
goroutine 52 [running]:
net/http.(*conn).serve.func1()
	/usr/local/go/src/net/http/server.go:1947 +0x13f
panic({0xd7e840?, 0xc000396250?})
	/usr/local/go/src/runtime/panic.go:792 +0x136
html/template.Must(0x0, {0xe89660, 0xc000396250})
	/usr/local/go/src/html/template/template.go:368 +0x86
go-sample-todo/app/controllers.generateAuthHTML({0xe8cc58, 0xc000000460}, {0x0, 0x0}, {0xc00029b3f0, 0x2, 0x2})
	/opt/go/app/controllers/routing.go:40 +0x2cf
go-sample-todo/app/controllers.login({0xe8cc58, 0xc000000460}, 0xc000198c80)
	/opt/go/app/controllers/route_auth.go:74 +0x277
net/http.HandlerFunc.ServeHTTP(0xe47e98, {0xe8cc58, 0xc000000460}, 0xc000198c80)
	/usr/local/go/src/net/http/server.go:2294 +0x33
net/http.(*ServeMux).ServeHTTP(0x123a140, {0xe8cc58, 0xc000000460}, 0xc000198c80)
	/usr/local/go/src/net/http/server.go:2822 +0x3c2
net/http.serverHandler.ServeHTTP({0xc000152000}, {0xe8cc58, 0xc000000460}, 0xc000198c80)
	/usr/local/go/src/net/http/server.go:3301 +0x257
net/http.(*conn).serve(0xc0000fe870, {0xe8d560, 0xc0000fcaa0})
	/usr/local/go/src/net/http/server.go:2102 +0x1b75
created by net/http.(*Server).Serve in goroutine 1
	/usr/local/go/src/net/http/server.go:3454 +0xa9a
2025/08/17 05:23:54 server.go:3640: http: panic serving [::1]:51474: template: login.html:36: bad character U+0024 '$'
goroutine 23 [running]:
net/http.(*conn).serve.func1()
	/usr/local/go/src/net/http/server.go:1947 +0x13f
panic({0xd7e840?, 0xc000116ab0?})
	/usr/local/go/src/runtime/panic.go:792 +0x136
html/template.Must(0x0, {0xe89660, 0xc000116ab0})
	/usr/local/go/src/html/template/template.go:368 +0x86
go-sample-todo/app/controllers.generateAuthHTML({0xe8cc58, 0xc00017e2a0}, {0x0, 0x0}, {0xc0002993f0, 0x2, 0x2})
	/opt/go/app/controllers/routing.go:40 +0x2cf
go-sample-todo/app/controllers.login({0xe8cc58, 0xc00017e2a0}, 0xc00016e280)
	/opt/go/app/controllers/route_auth.go:74 +0x277
net/http.HandlerFunc.ServeHTTP(0xe47e98, {0xe8cc58, 0xc00017e2a0}, 0xc00016e280)
	/usr/local/go/src/net/http/server.go:2294 +0x33
net/http.(*ServeMux).ServeHTTP(0x123a140, {0xe8cc58, 0xc00017e2a0}, 0xc00016e280)
	/usr/local/go/src/net/http/server.go:2822 +0x3c2
net/http.serverHandler.ServeHTTP({0xc000152000}, {0xe8cc58, 0xc00017e2a0}, 0xc00016e280)
	/usr/local/go/src/net/http/server.go:3301 +0x257
net/http.(*conn).serve(0xc0001683f0, {0xe8d560, 0xc000144eb0})
	/usr/local/go/src/net/http/server.go:2102 +0x1b75
created by net/http.(*Server).Serve in goroutine 1
	/usr/local/go/src/net/http/server.go:3454 +0xa9a
time=2025-08-17T05:28:26.723Z level=DEBUG msg="debug Logging start" output=multi file=logs/app.log
time=2025-08-17T05:28:26.724Z level=DEBUG msg="start " file=/opt/go/main.go line=40 funcName=main.main
time=2025-08-17T05:28:26.724Z level=DEBUG msg="DB access init " funcName=go-sample-todo/app/models.InitDb file=/opt/go/app/models/base.go line=29
time=2025-08-17T05:28:26.724Z level=DEBUG msg="DB access init " con="golang:golang@tcp(db:3306)/golang?charset=utf8mb4&parseTime=True&loc=Asia%2FTokyo" func=go-sample-todo/app/models.InitDb file=/opt/go/app/models/base.go line=44
time=2025-08-17T05:28:26.761Z level=INFO msg="start Server " port=8881
2025/08/17 05:28:35 server.go:3640: http: panic serving [::1]:33882: template: login.html:36: bad character U+0024 '$'
goroutine 21 [running]:
net/http.(*conn).serve.func1()
	/usr/local/go/src/net/http/server.go:1947 +0x13f
panic({0xd7e840?, 0xc00009c4e0?})
	/usr/local/go/src/runtime/panic.go:792 +0x136
html/template.Must(0x0, {0xe89660, 0xc00009c4e0})
	/usr/local/go/src/html/template/template.go:368 +0x86
go-sample-todo/app/controllers.generateAuthHTML({0xe8cc58, 0xc00030c000}, {0x0, 0x0}, {0xc00029d3f0, 0x2, 0x2})
	/opt/go/app/controllers/routing.go:40 +0x2cf
go-sample-todo/app/controllers.login({0xe8cc58, 0xc00030c000}, 0xc0000fa000)
	/opt/go/app/controllers/route_auth.go:74 +0x277
net/http.HandlerFunc.ServeHTTP(0xe47e98, {0xe8cc58, 0xc00030c000}, 0xc0000fa000)
	/usr/local/go/src/net/http/server.go:2294 +0x33
net/http.(*ServeMux).ServeHTTP(0x123a140, {0xe8cc58, 0xc00030c000}, 0xc0000fa000)
	/usr/local/go/src/net/http/server.go:2822 +0x3c2
net/http.serverHandler.ServeHTTP({0xc0000ca000}, {0xe8cc58, 0xc00030c000}, 0xc0000fa000)
	/usr/local/go/src/net/http/server.go:3301 +0x257
net/http.(*conn).serve(0xc0000e4090, {0xe8d560, 0xc0000bcaa0})
	/usr/local/go/src/net/http/server.go:2102 +0x1b75
created by net/http.(*Server).Serve in goroutine 1
	/usr/local/go/src/net/http/server.go:3454 +0xa9a
2025/08/17 05:28:35 server.go:3640: http: panic serving [::1]:33892: template: login.html:36: bad character U+0024 '$'
goroutine 5 [running]:
net/http.(*conn).serve.func1()
	/usr/local/go/src/net/http/server.go:1947 +0x13f
panic({0xd7e840?, 0xc000023980?})
	/usr/local/go/src/runtime/panic.go:792 +0x136
html/template.Must(0x0, {0xe89660, 0xc000023980})
	/usr/local/go/src/html/template/template.go:368 +0x86
go-sample-todo/app/controllers.generateAuthHTML({0xe8cc58, 0xc0000001c0}, {0x0, 0x0}, {0xc0002433f0, 0x2, 0x2})
	/opt/go/app/controllers/routing.go:40 +0x2cf
go-sample-todo/app/controllers.login({0xe8cc58, 0xc0000001c0}, 0xc000198780)
	/opt/go/app/controllers/route_auth.go:74 +0x277
net/http.HandlerFunc.ServeHTTP(0xe47e98, {0xe8cc58, 0xc0000001c0}, 0xc000198780)
	/usr/local/go/src/net/http/server.go:2294 +0x33
net/http.(*ServeMux).ServeHTTP(0x123a140, {0xe8cc58, 0xc0000001c0}, 0xc000198780)
	/usr/local/go/src/net/http/server.go:2822 +0x3c2
net/http.serverHandler.ServeHTTP({0xc0000ca000}, {0xe8cc58, 0xc0000001c0}, 0xc000198780)
	/usr/local/go/src/net/http/server.go:3301 +0x257
net/http.(*conn).serve(0xc000180480, {0xe8d560, 0xc00017e410})
	/usr/local/go/src/net/http/server.go:2102 +0x1b75
created by net/http.(*Server).Serve in goroutine 1
	/usr/local/go/src/net/http/server.go:3454 +0xa9a
2025/08/17 05:28:36 server.go:3640: http: panic serving [::1]:33898: template: login.html:36: bad character U+0024 '$'
goroutine 23 [running]:
net/http.(*conn).serve.func1()
	/usr/local/go/src/net/http/server.go:1947 +0x13f
panic({0xd7e840?, 0xc00009c6d0?})
	/usr/local/go/src/runtime/panic.go:792 +0x136
html/template.Must(0x0, {0xe89660, 0xc00009c6d0})
	/usr/local/go/src/html/template/template.go:368 +0x86
go-sample-todo/app/controllers.generateAuthHTML({0xe8cc58, 0xc00030c0e0}, {0x0, 0x0}, {0xc0000f33f0, 0x2, 0x2})
	/opt/go/app/controllers/routing.go:40 +0x2cf
go-sample-todo/app/controllers.login({0xe8cc58, 0xc00030c0e0}, 0xc0000fa140)
	/opt/go/app/controllers/route_auth.go:74 +0x277
net/http.HandlerFunc.ServeHTTP(0xe47e98, {0xe8cc58, 0xc00030c0e0}, 0xc0000fa140)
	/usr/local/go/src/net/http/server.go:2294 +0x33
net/http.(*ServeMux).ServeHTTP(0x123a140, {0xe8cc58, 0xc00030c0e0}, 0xc0000fa140)
	/usr/local/go/src/net/http/server.go:2822 +0x3c2
net/http.serverHandler.ServeHTTP({0xc0000ca000}, {0xe8cc58, 0xc00030c0e0}, 0xc0000fa140)
	/usr/local/go/src/net/http/server.go:3301 +0x257
net/http.(*conn).serve(0xc0000e4240, {0xe8d560, 0xc0000bcc30})
	/usr/local/go/src/net/http/server.go:2102 +0x1b75
created by net/http.(*Server).Serve in goroutine 1
	/usr/local/go/src/net/http/server.go:3454 +0xa9a
2025/08/17 05:28:36 server.go:3640: http: panic serving [::1]:33912: template: login.html:36: bad character U+0024 '$'
goroutine 38 [running]:
net/http.(*conn).serve.func1()
	/usr/local/go/src/net/http/server.go:1947 +0x13f
panic({0xd7e840?, 0xc00020a450?})
	/usr/local/go/src/runtime/panic.go:792 +0x136
html/template.Must(0x0, {0xe89660, 0xc00020a450})
	/usr/local/go/src/html/template/template.go:368 +0x86
go-sample-todo/app/controllers.generateAuthHTML({0xe8cc58, 0xc0002ac000}, {0x0, 0x0}, {0xc0002473f0, 0x2, 0x2})
	/opt/go/app/controllers/routing.go:40 +0x2cf
go-sample-todo/app/controllers.login({0xe8cc58, 0xc0002ac000}, 0xc0002a8000)
	/opt/go/app/controllers/route_auth.go:74 +0x277
net/http.HandlerFunc.ServeHTTP(0xe47e98, {0xe8cc58, 0xc0002ac000}, 0xc0002a8000)
	/usr/local/go/src/net/http/server.go:2294 +0x33
net/http.(*ServeMux).ServeHTTP(0x123a140, {0xe8cc58, 0xc0002ac000}, 0xc0002a8000)
	/usr/local/go/src/net/http/server.go:2822 +0x3c2
net/http.serverHandler.ServeHTTP({0xc0000ca000}, {0xe8cc58, 0xc0002ac000}, 0xc0002a8000)
	/usr/local/go/src/net/http/server.go:3301 +0x257
net/http.(*conn).serve(0xc0002a4000, {0xe8d560, 0xc00022e190})
	/usr/local/go/src/net/http/server.go:2102 +0x1b75
created by net/http.(*Server).Serve in goroutine 1
	/usr/local/go/src/net/http/server.go:3454 +0xa9a
2025/08/17 05:28:37 server.go:3640: http: panic serving [::1]:33918: template: login.html:36: bad character U+0024 '$'
goroutine 7 [running]:
net/http.(*conn).serve.func1()
	/usr/local/go/src/net/http/server.go:1947 +0x13f
panic({0xd7e840?, 0xc000023b70?})
	/usr/local/go/src/runtime/panic.go:792 +0x136
html/template.Must(0x0, {0xe89660, 0xc000023b70})
	/usr/local/go/src/html/template/template.go:368 +0x86
go-sample-todo/app/controllers.generateAuthHTML({0xe8cc58, 0xc0000002a0}, {0x0, 0x0}, {0xc0002433f0, 0x2, 0x2})
	/opt/go/app/controllers/routing.go:40 +0x2cf
go-sample-todo/app/controllers.login({0xe8cc58, 0xc0000002a0}, 0xc0001988c0)
	/opt/go/app/controllers/route_auth.go:74 +0x277
net/http.HandlerFunc.ServeHTTP(0xe47e98, {0xe8cc58, 0xc0000002a0}, 0xc0001988c0)
	/usr/local/go/src/net/http/server.go:2294 +0x33
net/http.(*ServeMux).ServeHTTP(0x123a140, {0xe8cc58, 0xc0000002a0}, 0xc0001988c0)
	/usr/local/go/src/net/http/server.go:2822 +0x3c2
net/http.serverHandler.ServeHTTP({0xc0000ca000}, {0xe8cc58, 0xc0000002a0}, 0xc0001988c0)
	/usr/local/go/src/net/http/server.go:3301 +0x257
net/http.(*conn).serve(0xc0001805a0, {0xe8d560, 0xc00017e5a0})
	/usr/local/go/src/net/http/server.go:2102 +0x1b75
created by net/http.(*Server).Serve in goroutine 1
	/usr/local/go/src/net/http/server.go:3454 +0xa9a
2025/08/17 05:28:37 server.go:3640: http: panic serving [::1]:33934: template: login.html:36: bad character U+0024 '$'
goroutine 40 [running]:
net/http.(*conn).serve.func1()
	/usr/local/go/src/net/http/server.go:1947 +0x13f
panic({0xd7e840?, 0xc00020a640?})
	/usr/local/go/src/runtime/panic.go:792 +0x136
html/template.Must(0x0, {0xe89660, 0xc00020a640})
	/usr/local/go/src/html/template/template.go:368 +0x86
go-sample-todo/app/controllers.generateAuthHTML({0xe8cc58, 0xc0002ac0e0}, {0x0, 0x0}, {0xc0002473f0, 0x2, 0x2})
	/opt/go/app/controllers/routing.go:40 +0x2cf
go-sample-todo/app/controllers.login({0xe8cc58, 0xc0002ac0e0}, 0xc0002a8140)
	/opt/go/app/controllers/route_auth.go:74 +0x277
net/http.HandlerFunc.ServeHTTP(0xe47e98, {0xe8cc58, 0xc0002ac0e0}, 0xc0002a8140)
	/usr/local/go/src/net/http/server.go:2294 +0x33
net/http.(*ServeMux).ServeHTTP(0x123a140, {0xe8cc58, 0xc0002ac0e0}, 0xc0002a8140)
	/usr/local/go/src/net/http/server.go:2822 +0x3c2
net/http.serverHandler.ServeHTTP({0xc0000ca000}, {0xe8cc58, 0xc0002ac0e0}, 0xc0002a8140)
	/usr/local/go/src/net/http/server.go:3301 +0x257
net/http.(*conn).serve(0xc0002a4120, {0xe8d560, 0xc00022e320})
	/usr/local/go/src/net/http/server.go:2102 +0x1b75
created by net/http.(*Server).Serve in goroutine 1
	/usr/local/go/src/net/http/server.go:3454 +0xa9a
2025/08/17 05:28:38 server.go:3640: http: panic serving [::1]:33936: template: login.html:36: bad character U+0024 '$'
goroutine 9 [running]:
net/http.(*conn).serve.func1()
	/usr/local/go/src/net/http/server.go:1947 +0x13f
panic({0xd7e840?, 0xc000023d60?})
	/usr/local/go/src/runtime/panic.go:792 +0x136
html/template.Must(0x0, {0xe89660, 0xc000023d60})
	/usr/local/go/src/html/template/template.go:368 +0x86
go-sample-todo/app/controllers.generateAuthHTML({0xe8cc58, 0xc000000380}, {0x0, 0x0}, {0xc0002433f0, 0x2, 0x2})
	/opt/go/app/controllers/routing.go:40 +0x2cf
go-sample-todo/app/controllers.login({0xe8cc58, 0xc000000380}, 0xc000198a00)
	/opt/go/app/controllers/route_auth.go:74 +0x277
net/http.HandlerFunc.ServeHTTP(0xe47e98, {0xe8cc58, 0xc000000380}, 0xc000198a00)
	/usr/local/go/src/net/http/server.go:2294 +0x33
net/http.(*ServeMux).ServeHTTP(0x123a140, {0xe8cc58, 0xc000000380}, 0xc000198a00)
	/usr/local/go/src/net/http/server.go:2822 +0x3c2
net/http.serverHandler.ServeHTTP({0xc0000ca000}, {0xe8cc58, 0xc000000380}, 0xc000198a00)
	/usr/local/go/src/net/http/server.go:3301 +0x257
net/http.(*conn).serve(0xc0001806c0, {0xe8d560, 0xc00017e730})
	/usr/local/go/src/net/http/server.go:2102 +0x1b75
created by net/http.(*Server).Serve in goroutine 1
	/usr/local/go/src/net/http/server.go:3454 +0xa9a
2025/08/17 05:28:38 server.go:3640: http: panic serving [::1]:33950: template: login.html:36: bad character U+0024 '$'
goroutine 25 [running]:
net/http.(*conn).serve.func1()
	/usr/local/go/src/net/http/server.go:1947 +0x13f
panic({0xd7e840?, 0xc00009c8c0?})
	/usr/local/go/src/runtime/panic.go:792 +0x136
html/template.Must(0x0, {0xe89660, 0xc00009c8c0})
	/usr/local/go/src/html/template/template.go:368 +0x86
go-sample-todo/app/controllers.generateAuthHTML({0xe8cc58, 0xc00030c1c0}, {0x0, 0x0}, {0xc0000f33f0, 0x2, 0x2})
	/opt/go/app/controllers/routing.go:40 +0x2cf
go-sample-todo/app/controllers.login({0xe8cc58, 0xc00030c1c0}, 0xc0000fa280)
	/opt/go/app/controllers/route_auth.go:74 +0x277
net/http.HandlerFunc.ServeHTTP(0xe47e98, {0xe8cc58, 0xc00030c1c0}, 0xc0000fa280)
	/usr/local/go/src/net/http/server.go:2294 +0x33
net/http.(*ServeMux).ServeHTTP(0x123a140, {0xe8cc58, 0xc00030c1c0}, 0xc0000fa280)
	/usr/local/go/src/net/http/server.go:2822 +0x3c2
net/http.serverHandler.ServeHTTP({0xc0000ca000}, {0xe8cc58, 0xc00030c1c0}, 0xc0000fa280)
	/usr/local/go/src/net/http/server.go:3301 +0x257
net/http.(*conn).serve(0xc0000e4360, {0xe8d560, 0xc0000bcdc0})
	/usr/local/go/src/net/http/server.go:2102 +0x1b75
created by net/http.(*Server).Serve in goroutine 1
	/usr/local/go/src/net/http/server.go:3454 +0xa9a
2025/08/17 05:28:38 server.go:3640: http: panic serving [::1]:33966: template: login.html:36: bad character U+0024 '$'
goroutine 27 [running]:
net/http.(*conn).serve.func1()
	/usr/local/go/src/net/http/server.go:1947 +0x13f
panic({0xd7e840?, 0xc00009cab0?})
	/usr/local/go/src/runtime/panic.go:792 +0x136
html/template.Must(0x0, {0xe89660, 0xc00009cab0})
	/usr/local/go/src/html/template/template.go:368 +0x86
go-sample-todo/app/controllers.generateAuthHTML({0xe8cc58, 0xc00030c2a0}, {0x0, 0x0}, {0xc0000f33f0, 0x2, 0x2})
	/opt/go/app/controllers/routing.go:40 +0x2cf
go-sample-todo/app/controllers.login({0xe8cc58, 0xc00030c2a0}, 0xc0000fa3c0)
	/opt/go/app/controllers/route_auth.go:74 +0x277
net/http.HandlerFunc.ServeHTTP(0xe47e98, {0xe8cc58, 0xc00030c2a0}, 0xc0000fa3c0)
	/usr/local/go/src/net/http/server.go:2294 +0x33
net/http.(*ServeMux).ServeHTTP(0x123a140, {0xe8cc58, 0xc00030c2a0}, 0xc0000fa3c0)
	/usr/local/go/src/net/http/server.go:2822 +0x3c2
net/http.serverHandler.ServeHTTP({0xc0000ca000}, {0xe8cc58, 0xc00030c2a0}, 0xc0000fa3c0)
	/usr/local/go/src/net/http/server.go:3301 +0x257
net/http.(*conn).serve(0xc0000e4480, {0xe8d560, 0xc0000bcf50})
	/usr/local/go/src/net/http/server.go:2102 +0x1b75
created by net/http.(*Server).Serve in goroutine 1
	/usr/local/go/src/net/http/server.go:3454 +0xa9a
2025/08/17 05:28:39 server.go:3640: http: panic serving [::1]:33972: template: login.html:36: bad character U+0024 '$'
goroutine 42 [running]:
net/http.(*conn).serve.func1()
	/usr/local/go/src/net/http/server.go:1947 +0x13f
panic({0xd7e840?, 0xc00020a830?})
	/usr/local/go/src/runtime/panic.go:792 +0x136
html/template.Must(0x0, {0xe89660, 0xc00020a830})
	/usr/local/go/src/html/template/template.go:368 +0x86
go-sample-todo/app/controllers.generateAuthHTML({0xe8cc58, 0xc0002ac1c0}, {0x0, 0x0}, {0xc0002473f0, 0x2, 0x2})
	/opt/go/app/controllers/routing.go:40 +0x2cf
go-sample-todo/app/controllers.login({0xe8cc58, 0xc0002ac1c0}, 0xc0002a8280)
	/opt/go/app/controllers/route_auth.go:74 +0x277
net/http.HandlerFunc.ServeHTTP(0xe47e98, {0xe8cc58, 0xc0002ac1c0}, 0xc0002a8280)
	/usr/local/go/src/net/http/server.go:2294 +0x33
net/http.(*ServeMux).ServeHTTP(0x123a140, {0xe8cc58, 0xc0002ac1c0}, 0xc0002a8280)
	/usr/local/go/src/net/http/server.go:2822 +0x3c2
net/http.serverHandler.ServeHTTP({0xc0000ca000}, {0xe8cc58, 0xc0002ac1c0}, 0xc0002a8280)
	/usr/local/go/src/net/http/server.go:3301 +0x257
net/http.(*conn).serve(0xc0002a4240, {0xe8d560, 0xc00022e4b0})
	/usr/local/go/src/net/http/server.go:2102 +0x1b75
created by net/http.(*Server).Serve in goroutine 1
	/usr/local/go/src/net/http/server.go:3454 +0xa9a
time=2025-08-17T05:30:13.732Z level=DEBUG msg="debug Logging start" output=multi file=logs/app.log
time=2025-08-17T05:30:13.734Z level=DEBUG msg="start " file=/opt/go/main.go line=40 funcName=main.main
time=2025-08-17T05:30:13.734Z level=DEBUG msg="DB access init " funcName=go-sample-todo/app/models.InitDb file=/opt/go/app/models/base.go line=29
time=2025-08-17T05:30:13.734Z level=DEBUG msg="DB access init " con="golang:golang@tcp(db:3306)/golang?charset=utf8mb4&parseTime=True&loc=Asia%2FTokyo" func=go-sample-todo/app/models.InitDb file=/opt/go/app/models/base.go line=44
time=2025-08-17T05:30:13.767Z level=INFO msg="start Server " port=8881
time=2025-08-17T05:30:39.253Z level=DEBUG msg="login validation error " errors="map[LoginUser.Email:Emailの長さは少なくとも8文字はなければなりません LoginUser.Password:Passwordの長さは少なくとも8文字はなければなりません]" file=/opt/go/app/controllers/route_auth.go func=go-sample-todo/app/controllers.validateAuthenticate line=120
time=2025-08-17T05:32:16.154Z level=DEBUG msg="debug Logging start" output=multi file=logs/app.log
time=2025-08-17T05:32:16.155Z level=DEBUG msg="start " file=/opt/go/main.go line=40 funcName=main.main
time=2025-08-17T05:32:16.155Z level=DEBUG msg="DB access init " funcName=go-sample-todo/app/models.InitDb file=/opt/go/app/models/base.go line=29
time=2025-08-17T05:32:16.155Z level=DEBUG msg="DB access init " con="golang:golang@tcp(db:3306)/golang?charset=utf8mb4&parseTime=True&loc=Asia%2FTokyo" func=go-sample-todo/app/models.InitDb file=/opt/go/app/models/base.go line=44
time=2025-08-17T05:32:16.196Z level=INFO msg="start Server " port=8881
time=2025-08-17T05:32:32.184Z level=DEBUG msg="login validation error " errors="map[LoginUser.Email:Emailの長さは少なくとも8文字はなければなりません LoginUser.Password:Passwordの長さは少なくとも8文字はなければなりません]" file=/opt/go/app/controllers/route_auth.go func=go-sample-todo/app/controllers.validateAuthenticate line=120
2025/08/17 05:32:32 server.go:3640: http: panic serving [::1]:38756: template: login.html:35: unexpected <.> in operand
goroutine 35 [running]:
net/http.(*conn).serve.func1()
	/usr/local/go/src/net/http/server.go:1947 +0x13f
panic({0xd7e840?, 0xc0003895b0?})
	/usr/local/go/src/runtime/panic.go:792 +0x136
html/template.Must(0x0, {0xe89660, 0xc0003895b0})
	/usr/local/go/src/html/template/template.go:368 +0x86
go-sample-todo/app/controllers.generateAuthHTML({0xe8cc58, 0xc000400000}, {0xd95b60, 0xc000382ba0}, {0xc000303468, 0x2, 0x2})
	/opt/go/app/controllers/routing.go:40 +0x2cf
go-sample-todo/app/controllers.authenticate({0xe8cc58, 0xc000400000}, 0xc0003ee000)
	/opt/go/app/controllers/route_auth.go:149 +0xe8f
net/http.HandlerFunc.ServeHTTP(0xe47e60, {0xe8cc58, 0xc000400000}, 0xc0003ee000)
	/usr/local/go/src/net/http/server.go:2294 +0x33
net/http.(*ServeMux).ServeHTTP(0x123a140, {0xe8cc58, 0xc000400000}, 0xc0003ee000)
	/usr/local/go/src/net/http/server.go:2822 +0x3c2
net/http.serverHandler.ServeHTTP({0xc0003ca000}, {0xe8cc58, 0xc000400000}, 0xc0003ee000)
	/usr/local/go/src/net/http/server.go:3301 +0x257
net/http.(*conn).serve(0xc0003e0090, {0xe8d560, 0xc0003baaa0})
	/usr/local/go/src/net/http/server.go:2102 +0x1b75
created by net/http.(*Server).Serve in goroutine 1
	/usr/local/go/src/net/http/server.go:3454 +0xa9a
time=2025-08-17T05:32:34.697Z level=DEBUG msg="login validation error " errors="map[LoginUser.Email:Emailの長さは少なくとも8文字はなければなりません LoginUser.Password:Passwordの長さは少なくとも8文字はなければなりません]" file=/opt/go/app/controllers/route_auth.go func=go-sample-todo/app/controllers.validateAuthenticate line=120
2025/08/17 05:32:34 server.go:3640: http: panic serving [::1]:38766: template: login.html:35: unexpected <.> in operand
goroutine 3 [running]:
net/http.(*conn).serve.func1()
	/usr/local/go/src/net/http/server.go:1947 +0x13f
panic({0xd7e840?, 0xc0004508f0?})
	/usr/local/go/src/runtime/panic.go:792 +0x136
html/template.Must(0x0, {0xe89660, 0xc0004508f0})
	/usr/local/go/src/html/template/template.go:368 +0x86
go-sample-todo/app/controllers.generateAuthHTML({0xe8cc58, 0xc0004000e0}, {0xd95b60, 0xc00044e030}, {0xc000303468, 0x2, 0x2})
	/opt/go/app/controllers/routing.go:40 +0x2cf
go-sample-todo/app/controllers.authenticate({0xe8cc58, 0xc0004000e0}, 0xc0002b4000)
	/opt/go/app/controllers/route_auth.go:149 +0xe8f
net/http.HandlerFunc.ServeHTTP(0xe47e60, {0xe8cc58, 0xc0004000e0}, 0xc0002b4000)
	/usr/local/go/src/net/http/server.go:2294 +0x33
net/http.(*ServeMux).ServeHTTP(0x123a140, {0xe8cc58, 0xc0004000e0}, 0xc0002b4000)
	/usr/local/go/src/net/http/server.go:2822 +0x3c2
net/http.serverHandler.ServeHTTP({0xc0003ca000}, {0xe8cc58, 0xc0004000e0}, 0xc0002b4000)
	/usr/local/go/src/net/http/server.go:3301 +0x257
net/http.(*conn).serve(0xc0002aa000, {0xe8d560, 0xc0002ac000})
	/usr/local/go/src/net/http/server.go:2102 +0x1b75
created by net/http.(*Server).Serve in goroutine 1
	/usr/local/go/src/net/http/server.go:3454 +0xa9a
time=2025-08-17T05:33:00.821Z level=DEBUG msg="debug Logging start" output=multi file=logs/app.log
time=2025-08-17T05:33:00.822Z level=DEBUG msg="start " file=/opt/go/main.go line=40 funcName=main.main
time=2025-08-17T05:33:00.822Z level=DEBUG msg="DB access init " funcName=go-sample-todo/app/models.InitDb file=/opt/go/app/models/base.go line=29
time=2025-08-17T05:33:00.822Z level=DEBUG msg="DB access init " con="golang:golang@tcp(db:3306)/golang?charset=utf8mb4&parseTime=True&loc=Asia%2FTokyo" func=go-sample-todo/app/models.InitDb file=/opt/go/app/models/base.go line=44
time=2025-08-17T05:33:00.865Z level=INFO msg="start Server " port=8881
2025/08/17 05:33:02 server.go:3640: http: panic serving [::1]:50932: template: login.html:35: unexpected <.> in operand
goroutine 34 [running]:
net/http.(*conn).serve.func1()
	/usr/local/go/src/net/http/server.go:1947 +0x13f
panic({0xd7e840?, 0xc000023bc0?})
	/usr/local/go/src/runtime/panic.go:792 +0x136
html/template.Must(0x0, {0xe89660, 0xc000023bc0})
	/usr/local/go/src/html/template/template.go:368 +0x86
go-sample-todo/app/controllers.generateAuthHTML({0xe8cc58, 0xc0000001c0}, {0x0, 0x0}, {0xc0002c53f0, 0x2, 0x2})
	/opt/go/app/controllers/routing.go:40 +0x2cf
go-sample-todo/app/controllers.login({0xe8cc58, 0xc0000001c0}, 0xc00036a000)
	/opt/go/app/controllers/route_auth.go:74 +0x277
net/http.HandlerFunc.ServeHTTP(0xe47e98, {0xe8cc58, 0xc0000001c0}, 0xc00036a000)
	/usr/local/go/src/net/http/server.go:2294 +0x33
net/http.(*ServeMux).ServeHTTP(0x123a140, {0xe8cc58, 0xc0000001c0}, 0xc00036a000)
	/usr/local/go/src/net/http/server.go:2822 +0x3c2
net/http.serverHandler.ServeHTTP({0xc000332000}, {0xe8cc58, 0xc0000001c0}, 0xc00036a000)
	/usr/local/go/src/net/http/server.go:3301 +0x257
net/http.(*conn).serve(0xc00034a090, {0xe8d560, 0xc000322aa0})
	/usr/local/go/src/net/http/server.go:2102 +0x1b75
created by net/http.(*Server).Serve in goroutine 1
	/usr/local/go/src/net/http/server.go:3454 +0xa9a
2025/08/17 05:33:02 server.go:3640: http: panic serving [::1]:50934: template: login.html:35: unexpected <.> in operand
goroutine 35 [running]:
net/http.(*conn).serve.func1()
	/usr/local/go/src/net/http/server.go:1947 +0x13f
panic({0xd7e840?, 0xc000023da0?})
	/usr/local/go/src/runtime/panic.go:792 +0x136
html/template.Must(0x0, {0xe89660, 0xc000023da0})
	/usr/local/go/src/html/template/template.go:368 +0x86
go-sample-todo/app/controllers.generateAuthHTML({0xe8cc58, 0xc0000002a0}, {0x0, 0x0}, {0xc0003653f0, 0x2, 0x2})
	/opt/go/app/controllers/routing.go:40 +0x2cf
go-sample-todo/app/controllers.login({0xe8cc58, 0xc0000002a0}, 0xc00036a140)
	/opt/go/app/controllers/route_auth.go:74 +0x277
net/http.HandlerFunc.ServeHTTP(0xe47e98, {0xe8cc58, 0xc0000002a0}, 0xc00036a140)
	/usr/local/go/src/net/http/server.go:2294 +0x33
net/http.(*ServeMux).ServeHTTP(0x123a140, {0xe8cc58, 0xc0000002a0}, 0xc00036a140)
	/usr/local/go/src/net/http/server.go:2822 +0x3c2
net/http.serverHandler.ServeHTTP({0xc000332000}, {0xe8cc58, 0xc0000002a0}, 0xc00036a140)
	/usr/local/go/src/net/http/server.go:3301 +0x257
net/http.(*conn).serve(0xc00034a1b0, {0xe8d560, 0xc000322af0})
	/usr/local/go/src/net/http/server.go:2102 +0x1b75
created by net/http.(*Server).Serve in goroutine 1
	/usr/local/go/src/net/http/server.go:3454 +0xa9a
2025/08/17 05:33:03 server.go:3640: http: panic serving [::1]:50936: template: login.html:35: unexpected <.> in operand
goroutine 50 [running]:
net/http.(*conn).serve.func1()
	/usr/local/go/src/net/http/server.go:1947 +0x13f
panic({0xd7e840?, 0xc00020a200?})
	/usr/local/go/src/runtime/panic.go:792 +0x136
html/template.Must(0x0, {0xe89660, 0xc00020a200})
	/usr/local/go/src/html/template/template.go:368 +0x86
go-sample-todo/app/controllers.generateAuthHTML({0xe8cc58, 0xc000234000}, {0x0, 0x0}, {0xc0002953f0, 0x2, 0x2})
	/opt/go/app/controllers/routing.go:40 +0x2cf
go-sample-todo/app/controllers.login({0xe8cc58, 0xc000234000}, 0xc000228000)
	/opt/go/app/controllers/route_auth.go:74 +0x277
net/http.HandlerFunc.ServeHTTP(0xe47e98, {0xe8cc58, 0xc000234000}, 0xc000228000)
	/usr/local/go/src/net/http/server.go:2294 +0x33
net/http.(*ServeMux).ServeHTTP(0x123a140, {0xe8cc58, 0xc000234000}, 0xc000228000)
	/usr/local/go/src/net/http/server.go:2822 +0x3c2
net/http.serverHandler.ServeHTTP({0xc000332000}, {0xe8cc58, 0xc000234000}, 0xc000228000)
	/usr/local/go/src/net/http/server.go:3301 +0x257
net/http.(*conn).serve(0xc000224000, {0xe8d560, 0xc000226000})
	/usr/local/go/src/net/http/server.go:2102 +0x1b75
created by net/http.(*Server).Serve in goroutine 1
	/usr/local/go/src/net/http/server.go:3454 +0xa9a
2025/08/17 05:33:03 server.go:3640: http: panic serving [::1]:50952: template: login.html:35: unexpected <.> in operand
goroutine 52 [running]:
net/http.(*conn).serve.func1()
	/usr/local/go/src/net/http/server.go:1947 +0x13f
panic({0xd7e840?, 0xc00020a3f0?})
	/usr/local/go/src/runtime/panic.go:792 +0x136
html/template.Must(0x0, {0xe89660, 0xc00020a3f0})
	/usr/local/go/src/html/template/template.go:368 +0x86
go-sample-todo/app/controllers.generateAuthHTML({0xe8cc58, 0xc0002340e0}, {0x0, 0x0}, {0xc0002953f0, 0x2, 0x2})
	/opt/go/app/controllers/routing.go:40 +0x2cf
go-sample-todo/app/controllers.login({0xe8cc58, 0xc0002340e0}, 0xc000228140)
	/opt/go/app/controllers/route_auth.go:74 +0x277
net/http.HandlerFunc.ServeHTTP(0xe47e98, {0xe8cc58, 0xc0002340e0}, 0xc000228140)
	/usr/local/go/src/net/http/server.go:2294 +0x33
net/http.(*ServeMux).ServeHTTP(0x123a140, {0xe8cc58, 0xc0002340e0}, 0xc000228140)
	/usr/local/go/src/net/http/server.go:2822 +0x3c2
net/http.serverHandler.ServeHTTP({0xc000332000}, {0xe8cc58, 0xc0002340e0}, 0xc000228140)
	/usr/local/go/src/net/http/server.go:3301 +0x257
net/http.(*conn).serve(0xc000224120, {0xe8d560, 0xc000226140})
	/usr/local/go/src/net/http/server.go:2102 +0x1b75
created by net/http.(*Server).Serve in goroutine 1
	/usr/local/go/src/net/http/server.go:3454 +0xa9a
2025/08/17 05:33:03 server.go:3640: http: panic serving [::1]:50968: template: login.html:35: unexpected <.> in operand
goroutine 11 [running]:
net/http.(*conn).serve.func1()
	/usr/local/go/src/net/http/server.go:1947 +0x13f
panic({0xd7e840?, 0xc000396010?})
	/usr/local/go/src/runtime/panic.go:792 +0x136
html/template.Must(0x0, {0xe89660, 0xc000396010})
	/usr/local/go/src/html/template/template.go:368 +0x86
go-sample-todo/app/controllers.generateAuthHTML({0xe8cc58, 0xc000000380}, {0x0, 0x0}, {0xc0003653f0, 0x2, 0x2})
	/opt/go/app/controllers/routing.go:40 +0x2cf
go-sample-todo/app/controllers.login({0xe8cc58, 0xc000000380}, 0xc000196780)
	/opt/go/app/controllers/route_auth.go:74 +0x277
net/http.HandlerFunc.ServeHTTP(0xe47e98, {0xe8cc58, 0xc000000380}, 0xc000196780)
	/usr/local/go/src/net/http/server.go:2294 +0x33
net/http.(*ServeMux).ServeHTTP(0x123a140, {0xe8cc58, 0xc000000380}, 0xc000196780)
	/usr/local/go/src/net/http/server.go:2822 +0x3c2
net/http.serverHandler.ServeHTTP({0xc000332000}, {0xe8cc58, 0xc000000380}, 0xc000196780)
	/usr/local/go/src/net/http/server.go:3301 +0x257
net/http.(*conn).serve(0xc00017e5a0, {0xe8d560, 0xc00017c870})
	/usr/local/go/src/net/http/server.go:2102 +0x1b75
created by net/http.(*Server).Serve in goroutine 1
	/usr/local/go/src/net/http/server.go:3454 +0xa9a
2025/08/17 05:33:04 server.go:3640: http: panic serving [::1]:46424: template: login.html:35: unexpected <.> in operand
goroutine 13 [running]:
net/http.(*conn).serve.func1()
	/usr/local/go/src/net/http/server.go:1947 +0x13f
panic({0xd7e840?, 0xc0003144e0?})
	/usr/local/go/src/runtime/panic.go:792 +0x136
html/template.Must(0x0, {0xe89660, 0xc0003144e0})
	/usr/local/go/src/html/template/template.go:368 +0x86
go-sample-todo/app/controllers.generateAuthHTML({0xe8cc58, 0xc000376000}, {0x0, 0x0}, {0xc00035f3f0, 0x2, 0x2})
	/opt/go/app/controllers/routing.go:40 +0x2cf
go-sample-todo/app/controllers.login({0xe8cc58, 0xc000376000}, 0xc00036a280)
	/opt/go/app/controllers/route_auth.go:74 +0x277
net/http.HandlerFunc.ServeHTTP(0xe47e98, {0xe8cc58, 0xc000376000}, 0xc00036a280)
	/usr/local/go/src/net/http/server.go:2294 +0x33
net/http.(*ServeMux).ServeHTTP(0x123a140, {0xe8cc58, 0xc000376000}, 0xc00036a280)
	/usr/local/go/src/net/http/server.go:2822 +0x3c2
net/http.serverHandler.ServeHTTP({0xc000332000}, {0xe8cc58, 0xc000376000}, 0xc00036a280)
	/usr/local/go/src/net/http/server.go:3301 +0x257
net/http.(*conn).serve(0xc00017e6c0, {0xe8d560, 0xc000322b40})
	/usr/local/go/src/net/http/server.go:2102 +0x1b75
created by net/http.(*Server).Serve in goroutine 1
	/usr/local/go/src/net/http/server.go:3454 +0xa9a
2025/08/17 05:33:04 server.go:3640: http: panic serving [::1]:46438: template: login.html:35: unexpected <.> in operand
goroutine 54 [running]:
net/http.(*conn).serve.func1()
	/usr/local/go/src/net/http/server.go:1947 +0x13f
panic({0xd7e840?, 0xc00020a5e0?})
	/usr/local/go/src/runtime/panic.go:792 +0x136
html/template.Must(0x0, {0xe89660, 0xc00020a5e0})
	/usr/local/go/src/html/template/template.go:368 +0x86
go-sample-todo/app/controllers.generateAuthHTML({0xe8cc58, 0xc0002341c0}, {0x0, 0x0}, {0xc0002953f0, 0x2, 0x2})
	/opt/go/app/controllers/routing.go:40 +0x2cf
go-sample-todo/app/controllers.login({0xe8cc58, 0xc0002341c0}, 0xc000228280)
	/opt/go/app/controllers/route_auth.go:74 +0x277
net/http.HandlerFunc.ServeHTTP(0xe47e98, {0xe8cc58, 0xc0002341c0}, 0xc000228280)
	/usr/local/go/src/net/http/server.go:2294 +0x33
net/http.(*ServeMux).ServeHTTP(0x123a140, {0xe8cc58, 0xc0002341c0}, 0xc000228280)
	/usr/local/go/src/net/http/server.go:2822 +0x3c2
net/http.serverHandler.ServeHTTP({0xc000332000}, {0xe8cc58, 0xc0002341c0}, 0xc000228280)
	/usr/local/go/src/net/http/server.go:3301 +0x257
net/http.(*conn).serve(0xc000224240, {0xe8d560, 0xc0002262d0})
	/usr/local/go/src/net/http/server.go:2102 +0x1b75
created by net/http.(*Server).Serve in goroutine 1
	/usr/local/go/src/net/http/server.go:3454 +0xa9a
2025/08/17 05:33:05 server.go:3640: http: panic serving [::1]:46454: template: login.html:35: unexpected <.> in operand
goroutine 56 [running]:
net/http.(*conn).serve.func1()
	/usr/local/go/src/net/http/server.go:1947 +0x13f
panic({0xd7e840?, 0xc00020a7d0?})
	/usr/local/go/src/runtime/panic.go:792 +0x136
html/template.Must(0x0, {0xe89660, 0xc00020a7d0})
	/usr/local/go/src/html/template/template.go:368 +0x86
go-sample-todo/app/controllers.generateAuthHTML({0xe8cc58, 0xc0002342a0}, {0x0, 0x0}, {0xc0002953f0, 0x2, 0x2})
	/opt/go/app/controllers/routing.go:40 +0x2cf
go-sample-todo/app/controllers.login({0xe8cc58, 0xc0002342a0}, 0xc0002283c0)
	/opt/go/app/controllers/route_auth.go:74 +0x277
net/http.HandlerFunc.ServeHTTP(0xe47e98, {0xe8cc58, 0xc0002342a0}, 0xc0002283c0)
	/usr/local/go/src/net/http/server.go:2294 +0x33
net/http.(*ServeMux).ServeHTTP(0x123a140, {0xe8cc58, 0xc0002342a0}, 0xc0002283c0)
	/usr/local/go/src/net/http/server.go:2822 +0x3c2
net/http.serverHandler.ServeHTTP({0xc000332000}, {0xe8cc58, 0xc0002342a0}, 0xc0002283c0)
	/usr/local/go/src/net/http/server.go:3301 +0x257
net/http.(*conn).serve(0xc000224360, {0xe8d560, 0xc000226460})
	/usr/local/go/src/net/http/server.go:2102 +0x1b75
created by net/http.(*Server).Serve in goroutine 1
	/usr/local/go/src/net/http/server.go:3454 +0xa9a
2025/08/17 05:33:05 server.go:3640: http: panic serving [::1]:46456: template: login.html:35: unexpected <.> in operand
goroutine 14 [running]:
net/http.(*conn).serve.func1()
	/usr/local/go/src/net/http/server.go:1947 +0x13f
panic({0xd7e840?, 0xc000396200?})
	/usr/local/go/src/runtime/panic.go:792 +0x136
html/template.Must(0x0, {0xe89660, 0xc000396200})
	/usr/local/go/src/html/template/template.go:368 +0x86
go-sample-todo/app/controllers.generateAuthHTML({0xe8cc58, 0xc000000460}, {0x0, 0x0}, {0xc0003653f0, 0x2, 0x2})
	/opt/go/app/controllers/routing.go:40 +0x2cf
go-sample-todo/app/controllers.login({0xe8cc58, 0xc000000460}, 0xc0001968c0)
	/opt/go/app/controllers/route_auth.go:74 +0x277
net/http.HandlerFunc.ServeHTTP(0xe47e98, {0xe8cc58, 0xc000000460}, 0xc0001968c0)
	/usr/local/go/src/net/http/server.go:2294 +0x33
net/http.(*ServeMux).ServeHTTP(0x123a140, {0xe8cc58, 0xc000000460}, 0xc0001968c0)
	/usr/local/go/src/net/http/server.go:2822 +0x3c2
net/http.serverHandler.ServeHTTP({0xc000332000}, {0xe8cc58, 0xc000000460}, 0xc0001968c0)
	/usr/local/go/src/net/http/server.go:3301 +0x257
net/http.(*conn).serve(0xc00017e750, {0xe8d560, 0xc00017ca00})
	/usr/local/go/src/net/http/server.go:2102 +0x1b75
created by net/http.(*Server).Serve in goroutine 1
	/usr/local/go/src/net/http/server.go:3454 +0xa9a
2025/08/17 05:33:06 server.go:3640: http: panic serving [::1]:46462: template: login.html:35: unexpected <.> in operand
goroutine 37 [running]:
net/http.(*conn).serve.func1()
	/usr/local/go/src/net/http/server.go:1947 +0x13f
panic({0xd7e840?, 0xc0003146d0?})
	/usr/local/go/src/runtime/panic.go:792 +0x136
html/template.Must(0x0, {0xe89660, 0xc0003146d0})
	/usr/local/go/src/html/template/template.go:368 +0x86
go-sample-todo/app/controllers.generateAuthHTML({0xe8cc58, 0xc0003760e0}, {0x0, 0x0}, {0xc00035f3f0, 0x2, 0x2})
	/opt/go/app/controllers/routing.go:40 +0x2cf
go-sample-todo/app/controllers.login({0xe8cc58, 0xc0003760e0}, 0xc00036a3c0)
	/opt/go/app/controllers/route_auth.go:74 +0x277
net/http.HandlerFunc.ServeHTTP(0xe47e98, {0xe8cc58, 0xc0003760e0}, 0xc00036a3c0)
	/usr/local/go/src/net/http/server.go:2294 +0x33
net/http.(*ServeMux).ServeHTTP(0x123a140, {0xe8cc58, 0xc0003760e0}, 0xc00036a3c0)
	/usr/local/go/src/net/http/server.go:2822 +0x3c2
net/http.serverHandler.ServeHTTP({0xc000332000}, {0xe8cc58, 0xc0003760e0}, 0xc00036a3c0)
	/usr/local/go/src/net/http/server.go:3301 +0x257
net/http.(*conn).serve(0xc00034a2d0, {0xe8d560, 0xc000322cd0})
	/usr/local/go/src/net/http/server.go:2102 +0x1b75
created by net/http.(*Server).Serve in goroutine 1
	/usr/local/go/src/net/http/server.go:3454 +0xa9a
time=2025-08-17T05:33:29.996Z level=DEBUG msg="debug Logging start" output=multi file=logs/app.log
time=2025-08-17T05:33:29.999Z level=DEBUG msg="start " file=/opt/go/main.go line=40 funcName=main.main
time=2025-08-17T05:33:30.000Z level=DEBUG msg="DB access init " funcName=go-sample-todo/app/models.InitDb file=/opt/go/app/models/base.go line=29
time=2025-08-17T05:33:30.000Z level=DEBUG msg="DB access init " con="golang:golang@tcp(db:3306)/golang?charset=utf8mb4&parseTime=True&loc=Asia%2FTokyo" func=go-sample-todo/app/models.InitDb file=/opt/go/app/models/base.go line=44
time=2025-08-17T05:33:30.033Z level=INFO msg="start Server " port=8881
2025/08/17 05:33:35 server.go:3640: http: panic serving [::1]:40096: template: login.html:35: bad character U+0022 '"'
goroutine 2 [running]:
net/http.(*conn).serve.func1()
	/usr/local/go/src/net/http/server.go:1947 +0x13f
panic({0xd7e840?, 0xc0000224d0?})
	/usr/local/go/src/runtime/panic.go:792 +0x136
html/template.Must(0x0, {0xe89660, 0xc0000224d0})
	/usr/local/go/src/html/template/template.go:368 +0x86
go-sample-todo/app/controllers.generateAuthHTML({0xe8cc58, 0xc0000000e0}, {0x0, 0x0}, {0xc0002c93f0, 0x2, 0x2})
	/opt/go/app/controllers/routing.go:40 +0x2cf
go-sample-todo/app/controllers.login({0xe8cc58, 0xc0000000e0}, 0xc00033a000)
	/opt/go/app/controllers/route_auth.go:74 +0x277
net/http.HandlerFunc.ServeHTTP(0xe47e98, {0xe8cc58, 0xc0000000e0}, 0xc00033a000)
	/usr/local/go/src/net/http/server.go:2294 +0x33
net/http.(*ServeMux).ServeHTTP(0x123a140, {0xe8cc58, 0xc0000000e0}, 0xc00033a000)
	/usr/local/go/src/net/http/server.go:2822 +0x3c2
net/http.serverHandler.ServeHTTP({0xc00031e000}, {0xe8cc58, 0xc0000000e0}, 0xc00033a000)
	/usr/local/go/src/net/http/server.go:3301 +0x257
net/http.(*conn).serve(0xc000334090, {0xe8d560, 0xc00030eaa0})
	/usr/local/go/src/net/http/server.go:2102 +0x1b75
created by net/http.(*Server).Serve in goroutine 1
	/usr/local/go/src/net/http/server.go:3454 +0xa9a
2025/08/17 05:33:35 server.go:3640: http: panic serving [::1]:40108: template: login.html:35: bad character U+0022 '"'
goroutine 23 [running]:
net/http.(*conn).serve.func1()
	/usr/local/go/src/net/http/server.go:1947 +0x13f
panic({0xd7e840?, 0xc000095030?})
	/usr/local/go/src/runtime/panic.go:792 +0x136
html/template.Must(0x0, {0xe89660, 0xc000095030})
	/usr/local/go/src/html/template/template.go:368 +0x86
go-sample-todo/app/controllers.generateAuthHTML({0xe8cc58, 0xc0001aa0e0}, {0x0, 0x0}, {0xc0001d53f0, 0x2, 0x2})
	/opt/go/app/controllers/routing.go:40 +0x2cf
go-sample-todo/app/controllers.login({0xe8cc58, 0xc0001aa0e0}, 0xc0001c0640)
	/opt/go/app/controllers/route_auth.go:74 +0x277
net/http.HandlerFunc.ServeHTTP(0xe47e98, {0xe8cc58, 0xc0001aa0e0}, 0xc0001c0640)
	/usr/local/go/src/net/http/server.go:2294 +0x33
net/http.(*ServeMux).ServeHTTP(0x123a140, {0xe8cc58, 0xc0001aa0e0}, 0xc0001c0640)
	/usr/local/go/src/net/http/server.go:2822 +0x3c2
net/http.serverHandler.ServeHTTP({0xc00031e000}, {0xe8cc58, 0xc0001aa0e0}, 0xc0001c0640)
	/usr/local/go/src/net/http/server.go:3301 +0x257
net/http.(*conn).serve(0xc0000fe240, {0xe8d560, 0xc0000fc3c0})
	/usr/local/go/src/net/http/server.go:2102 +0x1b75
created by net/http.(*Server).Serve in goroutine 1
	/usr/local/go/src/net/http/server.go:3454 +0xa9a
2025/08/17 05:33:35 server.go:3640: http: panic serving [::1]:40118: template: login.html:35: bad character U+0022 '"'
goroutine 4 [running]:
net/http.(*conn).serve.func1()
	/usr/local/go/src/net/http/server.go:1947 +0x13f
panic({0xd7e840?, 0xc000114c80?})
	/usr/local/go/src/runtime/panic.go:792 +0x136
html/template.Must(0x0, {0xe89660, 0xc000114c80})
	/usr/local/go/src/html/template/template.go:368 +0x86
go-sample-todo/app/controllers.generateAuthHTML({0xe8cc58, 0xc0000001c0}, {0x0, 0x0}, {0xc0002813f0, 0x2, 0x2})
	/opt/go/app/controllers/routing.go:40 +0x2cf
go-sample-todo/app/controllers.login({0xe8cc58, 0xc0000001c0}, 0xc00033a140)
	/opt/go/app/controllers/route_auth.go:74 +0x277
net/http.HandlerFunc.ServeHTTP(0xe47e98, {0xe8cc58, 0xc0000001c0}, 0xc00033a140)
	/usr/local/go/src/net/http/server.go:2294 +0x33
net/http.(*ServeMux).ServeHTTP(0x123a140, {0xe8cc58, 0xc0000001c0}, 0xc00033a140)
	/usr/local/go/src/net/http/server.go:2822 +0x3c2
net/http.serverHandler.ServeHTTP({0xc00031e000}, {0xe8cc58, 0xc0000001c0}, 0xc00033a140)
	/usr/local/go/src/net/http/server.go:3301 +0x257
net/http.(*conn).serve(0xc000334240, {0xe8d560, 0xc00030ec30})
	/usr/local/go/src/net/http/server.go:2102 +0x1b75
created by net/http.(*Server).Serve in goroutine 1
	/usr/local/go/src/net/http/server.go:3454 +0xa9a
2025/08/17 05:33:36 server.go:3640: http: panic serving [::1]:40134: template: login.html:35: bad character U+0022 '"'
goroutine 50 [running]:
net/http.(*conn).serve.func1()
	/usr/local/go/src/net/http/server.go:1947 +0x13f
panic({0xd7e840?, 0xc0003921b0?})
	/usr/local/go/src/runtime/panic.go:792 +0x136
html/template.Must(0x0, {0xe89660, 0xc0003921b0})
	/usr/local/go/src/html/template/template.go:368 +0x86
go-sample-todo/app/controllers.generateAuthHTML({0xe8cc58, 0xc0003a8000}, {0x0, 0x0}, {0xc0001d13f0, 0x2, 0x2})
	/opt/go/app/controllers/routing.go:40 +0x2cf
go-sample-todo/app/controllers.login({0xe8cc58, 0xc0003a8000}, 0xc00039a000)
	/opt/go/app/controllers/route_auth.go:74 +0x277
net/http.HandlerFunc.ServeHTTP(0xe47e98, {0xe8cc58, 0xc0003a8000}, 0xc00039a000)
	/usr/local/go/src/net/http/server.go:2294 +0x33
net/http.(*ServeMux).ServeHTTP(0x123a140, {0xe8cc58, 0xc0003a8000}, 0xc00039a000)
	/usr/local/go/src/net/http/server.go:2822 +0x3c2
net/http.serverHandler.ServeHTTP({0xc00031e000}, {0xe8cc58, 0xc0003a8000}, 0xc00039a000)
	/usr/local/go/src/net/http/server.go:3301 +0x257
net/http.(*conn).serve(0xc000388000, {0xe8d560, 0xc000390000})
	/usr/local/go/src/net/http/server.go:2102 +0x1b75
created by net/http.(*Server).Serve in goroutine 1
	/usr/local/go/src/net/http/server.go:3454 +0xa9a
2025/08/17 05:33:36 server.go:3640: http: panic serving [::1]:40140: template: login.html:35: bad character U+0022 '"'
goroutine 6 [running]:
net/http.(*conn).serve.func1()
	/usr/local/go/src/net/http/server.go:1947 +0x13f
panic({0xd7e840?, 0xc000022760?})
	/usr/local/go/src/runtime/panic.go:792 +0x136
html/template.Must(0x0, {0xe89660, 0xc000022760})
	/usr/local/go/src/html/template/template.go:368 +0x86
go-sample-todo/app/controllers.generateAuthHTML({0xe8cc58, 0xc0000002a0}, {0x0, 0x0}, {0xc0002813f0, 0x2, 0x2})
	/opt/go/app/controllers/routing.go:40 +0x2cf
go-sample-todo/app/controllers.login({0xe8cc58, 0xc0000002a0}, 0xc00033a280)
	/opt/go/app/controllers/route_auth.go:74 +0x277
net/http.HandlerFunc.ServeHTTP(0xe47e98, {0xe8cc58, 0xc0000002a0}, 0xc00033a280)
	/usr/local/go/src/net/http/server.go:2294 +0x33
net/http.(*ServeMux).ServeHTTP(0x123a140, {0xe8cc58, 0xc0000002a0}, 0xc00033a280)
	/usr/local/go/src/net/http/server.go:2822 +0x3c2
net/http.serverHandler.ServeHTTP({0xc00031e000}, {0xe8cc58, 0xc0000002a0}, 0xc00033a280)
	/usr/local/go/src/net/http/server.go:3301 +0x257
net/http.(*conn).serve(0xc000334360, {0xe8d560, 0xc00030ed70})
	/usr/local/go/src/net/http/server.go:2102 +0x1b75
created by net/http.(*Server).Serve in goroutine 1
	/usr/local/go/src/net/http/server.go:3454 +0xa9a
2025/08/17 05:33:37 server.go:3640: http: panic serving [::1]:40148: template: login.html:35: bad character U+0022 '"'
goroutine 39 [running]:
net/http.(*conn).serve.func1()
	/usr/local/go/src/net/http/server.go:1947 +0x13f
panic({0xd7e840?, 0xc000114e50?})
	/usr/local/go/src/runtime/panic.go:792 +0x136
html/template.Must(0x0, {0xe89660, 0xc000114e50})
	/usr/local/go/src/html/template/template.go:368 +0x86
go-sample-todo/app/controllers.generateAuthHTML({0xe8cc58, 0xc0002ee000}, {0x0, 0x0}, {0xc0002853f0, 0x2, 0x2})
	/opt/go/app/controllers/routing.go:40 +0x2cf
go-sample-todo/app/controllers.login({0xe8cc58, 0xc0002ee000}, 0xc00023a140)
	/opt/go/app/controllers/route_auth.go:74 +0x277
net/http.HandlerFunc.ServeHTTP(0xe47e98, {0xe8cc58, 0xc0002ee000}, 0xc00023a140)
	/usr/local/go/src/net/http/server.go:2294 +0x33
net/http.(*ServeMux).ServeHTTP(0x123a140, {0xe8cc58, 0xc0002ee000}, 0xc00023a140)
	/usr/local/go/src/net/http/server.go:2822 +0x3c2
net/http.serverHandler.ServeHTTP({0xc00031e000}, {0xe8cc58, 0xc0002ee000}, 0xc00023a140)
	/usr/local/go/src/net/http/server.go:3301 +0x257
net/http.(*conn).serve(0xc00011c240, {0xe8d560, 0xc00012e230})
	/usr/local/go/src/net/http/server.go:2102 +0x1b75
created by net/http.(*Server).Serve in goroutine 1
	/usr/local/go/src/net/http/server.go:3454 +0xa9a
2025/08/17 05:33:37 server.go:3640: http: panic serving [::1]:40154: template: login.html:35: bad character U+0022 '"'
goroutine 52 [running]:
net/http.(*conn).serve.func1()
	/usr/local/go/src/net/http/server.go:1947 +0x13f
panic({0xd7e840?, 0xc000392380?})
	/usr/local/go/src/runtime/panic.go:792 +0x136
html/template.Must(0x0, {0xe89660, 0xc000392380})
	/usr/local/go/src/html/template/template.go:368 +0x86
go-sample-todo/app/controllers.generateAuthHTML({0xe8cc58, 0xc0003a80e0}, {0x0, 0x0}, {0xc0001d13f0, 0x2, 0x2})
	/opt/go/app/controllers/routing.go:40 +0x2cf
go-sample-todo/app/controllers.login({0xe8cc58, 0xc0003a80e0}, 0xc00039a140)
	/opt/go/app/controllers/route_auth.go:74 +0x277
net/http.HandlerFunc.ServeHTTP(0xe47e98, {0xe8cc58, 0xc0003a80e0}, 0xc00039a140)
	/usr/local/go/src/net/http/server.go:2294 +0x33
net/http.(*ServeMux).ServeHTTP(0x123a140, {0xe8cc58, 0xc0003a80e0}, 0xc00039a140)
	/usr/local/go/src/net/http/server.go:2822 +0x3c2
net/http.serverHandler.ServeHTTP({0xc00031e000}, {0xe8cc58, 0xc0003a80e0}, 0xc00039a140)
	/usr/local/go/src/net/http/server.go:3301 +0x257
net/http.(*conn).serve(0xc000388120, {0xe8d560, 0xc000390190})
	/usr/local/go/src/net/http/server.go:2102 +0x1b75
created by net/http.(*Server).Serve in goroutine 1
	/usr/local/go/src/net/http/server.go:3454 +0xa9a
2025/08/17 05:33:38 server.go:3640: http: panic serving [::1]:40158: template: login.html:35: bad character U+0022 '"'
goroutine 41 [running]:
net/http.(*conn).serve.func1()
	/usr/local/go/src/net/http/server.go:1947 +0x13f
panic({0xd7e840?, 0xc000115020?})
	/usr/local/go/src/runtime/panic.go:792 +0x136
html/template.Must(0x0, {0xe89660, 0xc000115020})
	/usr/local/go/src/html/template/template.go:368 +0x86
go-sample-todo/app/controllers.generateAuthHTML({0xe8cc58, 0xc0002ee0e0}, {0x0, 0x0}, {0xc0002853f0, 0x2, 0x2})
	/opt/go/app/controllers/routing.go:40 +0x2cf
go-sample-todo/app/controllers.login({0xe8cc58, 0xc0002ee0e0}, 0xc00023a280)
	/opt/go/app/controllers/route_auth.go:74 +0x277
net/http.HandlerFunc.ServeHTTP(0xe47e98, {0xe8cc58, 0xc0002ee0e0}, 0xc00023a280)
	/usr/local/go/src/net/http/server.go:2294 +0x33
net/http.(*ServeMux).ServeHTTP(0x123a140, {0xe8cc58, 0xc0002ee0e0}, 0xc00023a280)
	/usr/local/go/src/net/http/server.go:2822 +0x3c2
net/http.serverHandler.ServeHTTP({0xc00031e000}, {0xe8cc58, 0xc0002ee0e0}, 0xc00023a280)
	/usr/local/go/src/net/http/server.go:3301 +0x257
net/http.(*conn).serve(0xc00011c360, {0xe8d560, 0xc00012e3c0})
	/usr/local/go/src/net/http/server.go:2102 +0x1b75
created by net/http.(*Server).Serve in goroutine 1
	/usr/local/go/src/net/http/server.go:3454 +0xa9a
2025/08/17 05:33:38 server.go:3640: http: panic serving [::1]:40160: template: login.html:35: bad character U+0022 '"'
goroutine 8 [running]:
net/http.(*conn).serve.func1()
	/usr/local/go/src/net/http/server.go:1947 +0x13f
panic({0xd7e840?, 0xc000022930?})
	/usr/local/go/src/runtime/panic.go:792 +0x136
html/template.Must(0x0, {0xe89660, 0xc000022930})
	/usr/local/go/src/html/template/template.go:368 +0x86
go-sample-todo/app/controllers.generateAuthHTML({0xe8cc58, 0xc000000380}, {0x0, 0x0}, {0xc0002813f0, 0x2, 0x2})
	/opt/go/app/controllers/routing.go:40 +0x2cf
go-sample-todo/app/controllers.login({0xe8cc58, 0xc000000380}, 0xc00033a3c0)
	/opt/go/app/controllers/route_auth.go:74 +0x277
net/http.HandlerFunc.ServeHTTP(0xe47e98, {0xe8cc58, 0xc000000380}, 0xc00033a3c0)
	/usr/local/go/src/net/http/server.go:2294 +0x33
net/http.(*ServeMux).ServeHTTP(0x123a140, {0xe8cc58, 0xc000000380}, 0xc00033a3c0)
	/usr/local/go/src/net/http/server.go:2822 +0x3c2
net/http.serverHandler.ServeHTTP({0xc00031e000}, {0xe8cc58, 0xc000000380}, 0xc00033a3c0)
	/usr/local/go/src/net/http/server.go:3301 +0x257
net/http.(*conn).serve(0xc000334480, {0xe8d560, 0xc00030ef00})
	/usr/local/go/src/net/http/server.go:2102 +0x1b75
created by net/http.(*Server).Serve in goroutine 1
	/usr/local/go/src/net/http/server.go:3454 +0xa9a
2025/08/17 05:33:39 server.go:3640: http: panic serving [::1]:40170: template: login.html:35: bad character U+0022 '"'
goroutine 54 [running]:
net/http.(*conn).serve.func1()
	/usr/local/go/src/net/http/server.go:1947 +0x13f
panic({0xd7e840?, 0xc000392550?})
	/usr/local/go/src/runtime/panic.go:792 +0x136
html/template.Must(0x0, {0xe89660, 0xc000392550})
	/usr/local/go/src/html/template/template.go:368 +0x86
go-sample-todo/app/controllers.generateAuthHTML({0xe8cc58, 0xc0003a81c0}, {0x0, 0x0}, {0xc0001d13f0, 0x2, 0x2})
	/opt/go/app/controllers/routing.go:40 +0x2cf
go-sample-todo/app/controllers.login({0xe8cc58, 0xc0003a81c0}, 0xc00039a280)
	/opt/go/app/controllers/route_auth.go:74 +0x277
net/http.HandlerFunc.ServeHTTP(0xe47e98, {0xe8cc58, 0xc0003a81c0}, 0xc00039a280)
	/usr/local/go/src/net/http/server.go:2294 +0x33
net/http.(*ServeMux).ServeHTTP(0x123a140, {0xe8cc58, 0xc0003a81c0}, 0xc00039a280)
	/usr/local/go/src/net/http/server.go:2822 +0x3c2
net/http.serverHandler.ServeHTTP({0xc00031e000}, {0xe8cc58, 0xc0003a81c0}, 0xc00039a280)
	/usr/local/go/src/net/http/server.go:3301 +0x257
net/http.(*conn).serve(0xc000388240, {0xe8d560, 0xc000390320})
	/usr/local/go/src/net/http/server.go:2102 +0x1b75
created by net/http.(*Server).Serve in goroutine 1
	/usr/local/go/src/net/http/server.go:3454 +0xa9a
time=2025-08-17T05:34:07.407Z level=DEBUG msg="debug Logging start" output=multi file=logs/app.log
time=2025-08-17T05:34:07.408Z level=DEBUG msg="start " file=/opt/go/main.go line=40 funcName=main.main
time=2025-08-17T05:34:07.408Z level=DEBUG msg="DB access init " funcName=go-sample-todo/app/models.InitDb file=/opt/go/app/models/base.go line=29
time=2025-08-17T05:34:07.408Z level=DEBUG msg="DB access init " con="golang:golang@tcp(db:3306)/golang?charset=utf8mb4&parseTime=True&loc=Asia%2FTokyo" func=go-sample-todo/app/models.InitDb file=/opt/go/app/models/base.go line=44
time=2025-08-17T05:34:07.451Z level=INFO msg="start Server " port=8881
2025/08/17 05:34:12 server.go:3640: http: panic serving [::1]:47476: template: login.html:35: unexpected <.> in operand
goroutine 18 [running]:
net/http.(*conn).serve.func1()
	/usr/local/go/src/net/http/server.go:1947 +0x13f
panic({0xd7e840?, 0xc000023bb0?})
	/usr/local/go/src/runtime/panic.go:792 +0x136
html/template.Must(0x0, {0xe89660, 0xc000023bb0})
	/usr/local/go/src/html/template/template.go:368 +0x86
go-sample-todo/app/controllers.generateAuthHTML({0xe8cc58, 0xc0000001c0}, {0x0, 0x0}, {0xc0002d93f0, 0x2, 0x2})
	/opt/go/app/controllers/routing.go:40 +0x2cf
go-sample-todo/app/controllers.login({0xe8cc58, 0xc0000001c0}, 0xc00025a000)
	/opt/go/app/controllers/route_auth.go:74 +0x277
net/http.HandlerFunc.ServeHTTP(0xe47e98, {0xe8cc58, 0xc0000001c0}, 0xc00025a000)
	/usr/local/go/src/net/http/server.go:2294 +0x33
net/http.(*ServeMux).ServeHTTP(0x123a140, {0xe8cc58, 0xc0000001c0}, 0xc00025a000)
	/usr/local/go/src/net/http/server.go:2822 +0x3c2
net/http.serverHandler.ServeHTTP({0xc00023e000}, {0xe8cc58, 0xc0000001c0}, 0xc00025a000)
	/usr/local/go/src/net/http/server.go:3301 +0x257
net/http.(*conn).serve(0xc000254090, {0xe8d560, 0xc000222af0})
	/usr/local/go/src/net/http/server.go:2102 +0x1b75
created by net/http.(*Server).Serve in goroutine 1
	/usr/local/go/src/net/http/server.go:3454 +0xa9a
2025/08/17 05:34:13 server.go:3640: http: panic serving [::1]:47486: template: login.html:35: unexpected <.> in operand
goroutine 34 [running]:
net/http.(*conn).serve.func1()
	/usr/local/go/src/net/http/server.go:1947 +0x13f
panic({0xd7e840?, 0xc000023da0?})
	/usr/local/go/src/runtime/panic.go:792 +0x136
html/template.Must(0x0, {0xe89660, 0xc000023da0})
	/usr/local/go/src/html/template/template.go:368 +0x86
go-sample-todo/app/controllers.generateAuthHTML({0xe8cc58, 0xc0000002a0}, {0x0, 0x0}, {0xc00028d3f0, 0x2, 0x2})
	/opt/go/app/controllers/routing.go:40 +0x2cf
go-sample-todo/app/controllers.login({0xe8cc58, 0xc0000002a0}, 0xc000190780)
	/opt/go/app/controllers/route_auth.go:74 +0x277
net/http.HandlerFunc.ServeHTTP(0xe47e98, {0xe8cc58, 0xc0000002a0}, 0xc000190780)
	/usr/local/go/src/net/http/server.go:2294 +0x33
net/http.(*ServeMux).ServeHTTP(0x123a140, {0xe8cc58, 0xc0000002a0}, 0xc000190780)
	/usr/local/go/src/net/http/server.go:2822 +0x3c2
net/http.serverHandler.ServeHTTP({0xc00023e000}, {0xe8cc58, 0xc0000002a0}, 0xc000190780)
	/usr/local/go/src/net/http/server.go:3301 +0x257
net/http.(*conn).serve(0xc0000a0000, {0xe8d560, 0xc000174690})
	/usr/local/go/src/net/http/server.go:2102 +0x1b75
created by net/http.(*Server).Serve in goroutine 1
	/usr/local/go/src/net/http/server.go:3454 +0xa9a
2025/08/17 05:34:13 server.go:3640: http: panic serving [::1]:47496: template: login.html:35: unexpected <.> in operand
goroutine 50 [running]:
net/http.(*conn).serve.func1()
	/usr/local/go/src/net/http/server.go:1947 +0x13f
panic({0xd7e840?, 0xc00032a1d0?})
	/usr/local/go/src/runtime/panic.go:792 +0x136
html/template.Must(0x0, {0xe89660, 0xc00032a1d0})
	/usr/local/go/src/html/template/template.go:368 +0x86
go-sample-todo/app/controllers.generateAuthHTML({0xe8cc58, 0xc000340000}, {0x0, 0x0}, {0xc0003233f0, 0x2, 0x2})
	/opt/go/app/controllers/routing.go:40 +0x2cf
go-sample-todo/app/controllers.login({0xe8cc58, 0xc000340000}, 0xc000332000)
	/opt/go/app/controllers/route_auth.go:74 +0x277
net/http.HandlerFunc.ServeHTTP(0xe47e98, {0xe8cc58, 0xc000340000}, 0xc000332000)
	/usr/local/go/src/net/http/server.go:2294 +0x33
net/http.(*ServeMux).ServeHTTP(0x123a140, {0xe8cc58, 0xc000340000}, 0xc000332000)
	/usr/local/go/src/net/http/server.go:2822 +0x3c2
net/http.serverHandler.ServeHTTP({0xc00023e000}, {0xe8cc58, 0xc000340000}, 0xc000332000)
	/usr/local/go/src/net/http/server.go:3301 +0x257
net/http.(*conn).serve(0xc000310000, {0xe8d560, 0xc000328000})
	/usr/local/go/src/net/http/server.go:2102 +0x1b75
created by net/http.(*Server).Serve in goroutine 1
	/usr/local/go/src/net/http/server.go:3454 +0xa9a
2025/08/17 05:34:14 server.go:3640: http: panic serving [::1]:51142: template: login.html:35: unexpected <.> in operand
goroutine 52 [running]:
net/http.(*conn).serve.func1()
	/usr/local/go/src/net/http/server.go:1947 +0x13f
panic({0xd7e840?, 0xc00032a3c0?})
	/usr/local/go/src/runtime/panic.go:792 +0x136
html/template.Must(0x0, {0xe89660, 0xc00032a3c0})
	/usr/local/go/src/html/template/template.go:368 +0x86
go-sample-todo/app/controllers.generateAuthHTML({0xe8cc58, 0xc0003400e0}, {0x0, 0x0}, {0xc0003233f0, 0x2, 0x2})
	/opt/go/app/controllers/routing.go:40 +0x2cf
go-sample-todo/app/controllers.login({0xe8cc58, 0xc0003400e0}, 0xc000332140)
	/opt/go/app/controllers/route_auth.go:74 +0x277
net/http.HandlerFunc.ServeHTTP(0xe47e98, {0xe8cc58, 0xc0003400e0}, 0xc000332140)
	/usr/local/go/src/net/http/server.go:2294 +0x33
net/http.(*ServeMux).ServeHTTP(0x123a140, {0xe8cc58, 0xc0003400e0}, 0xc000332140)
	/usr/local/go/src/net/http/server.go:2822 +0x3c2
net/http.serverHandler.ServeHTTP({0xc00023e000}, {0xe8cc58, 0xc0003400e0}, 0xc000332140)
	/usr/local/go/src/net/http/server.go:3301 +0x257
net/http.(*conn).serve(0xc000310120, {0xe8d560, 0xc000328190})
	/usr/local/go/src/net/http/server.go:2102 +0x1b75
created by net/http.(*Server).Serve in goroutine 1
	/usr/local/go/src/net/http/server.go:3454 +0xa9a
2025/08/17 05:34:14 server.go:3640: http: panic serving [::1]:51150: template: login.html:35: unexpected <.> in operand
goroutine 14 [running]:
net/http.(*conn).serve.func1()
	/usr/local/go/src/net/http/server.go:1947 +0x13f
panic({0xd7e840?, 0xc000396010?})
	/usr/local/go/src/runtime/panic.go:792 +0x136
html/template.Must(0x0, {0xe89660, 0xc000396010})
	/usr/local/go/src/html/template/template.go:368 +0x86
go-sample-todo/app/controllers.generateAuthHTML({0xe8cc58, 0xc000000380}, {0x0, 0x0}, {0xc00028d3f0, 0x2, 0x2})
	/opt/go/app/controllers/routing.go:40 +0x2cf
go-sample-todo/app/controllers.login({0xe8cc58, 0xc000000380}, 0xc0001908c0)
	/opt/go/app/controllers/route_auth.go:74 +0x277
net/http.HandlerFunc.ServeHTTP(0xe47e98, {0xe8cc58, 0xc000000380}, 0xc0001908c0)
	/usr/local/go/src/net/http/server.go:2294 +0x33
net/http.(*ServeMux).ServeHTTP(0x123a140, {0xe8cc58, 0xc000000380}, 0xc0001908c0)
	/usr/local/go/src/net/http/server.go:2822 +0x3c2
net/http.serverHandler.ServeHTTP({0xc00023e000}, {0xe8cc58, 0xc000000380}, 0xc0001908c0)
	/usr/local/go/src/net/http/server.go:3301 +0x257
net/http.(*conn).serve(0xc0001765a0, {0xe8d560, 0xc000174820})
	/usr/local/go/src/net/http/server.go:2102 +0x1b75
created by net/http.(*Server).Serve in goroutine 1
	/usr/local/go/src/net/http/server.go:3454 +0xa9a
2025/08/17 05:34:15 server.go:3640: http: panic serving [::1]:51160: template: login.html:35: unexpected <.> in operand
goroutine 16 [running]:
net/http.(*conn).serve.func1()
	/usr/local/go/src/net/http/server.go:1947 +0x13f
panic({0xd7e840?, 0xc000396200?})
	/usr/local/go/src/runtime/panic.go:792 +0x136
html/template.Must(0x0, {0xe89660, 0xc000396200})
	/usr/local/go/src/html/template/template.go:368 +0x86
go-sample-todo/app/controllers.generateAuthHTML({0xe8cc58, 0xc000000460}, {0x0, 0x0}, {0xc00028d3f0, 0x2, 0x2})
	/opt/go/app/controllers/routing.go:40 +0x2cf
go-sample-todo/app/controllers.login({0xe8cc58, 0xc000000460}, 0xc000190a00)
	/opt/go/app/controllers/route_auth.go:74 +0x277
net/http.HandlerFunc.ServeHTTP(0xe47e98, {0xe8cc58, 0xc000000460}, 0xc000190a00)
	/usr/local/go/src/net/http/server.go:2294 +0x33
net/http.(*ServeMux).ServeHTTP(0x123a140, {0xe8cc58, 0xc000000460}, 0xc000190a00)
	/usr/local/go/src/net/http/server.go:2822 +0x3c2
net/http.serverHandler.ServeHTTP({0xc00023e000}, {0xe8cc58, 0xc000000460}, 0xc000190a00)
	/usr/local/go/src/net/http/server.go:3301 +0x257
net/http.(*conn).serve(0xc0001766c0, {0xe8d560, 0xc0001749b0})
	/usr/local/go/src/net/http/server.go:2102 +0x1b75
created by net/http.(*Server).Serve in goroutine 1
	/usr/local/go/src/net/http/server.go:3454 +0xa9a
2025/08/17 05:34:15 server.go:3640: http: panic serving [::1]:51166: template: login.html:35: unexpected <.> in operand
goroutine 67 [running]:
net/http.(*conn).serve.func1()
	/usr/local/go/src/net/http/server.go:1947 +0x13f
panic({0xd7e840?, 0xc0003963f0?})
	/usr/local/go/src/runtime/panic.go:792 +0x136
html/template.Must(0x0, {0xe89660, 0xc0003963f0})
	/usr/local/go/src/html/template/template.go:368 +0x86
go-sample-todo/app/controllers.generateAuthHTML({0xe8cc58, 0xc000000540}, {0x0, 0x0}, {0xc00028d3f0, 0x2, 0x2})
	/opt/go/app/controllers/routing.go:40 +0x2cf
go-sample-todo/app/controllers.login({0xe8cc58, 0xc000000540}, 0xc000190b40)
	/opt/go/app/controllers/route_auth.go:74 +0x277
net/http.HandlerFunc.ServeHTTP(0xe47e98, {0xe8cc58, 0xc000000540}, 0xc000190b40)
	/usr/local/go/src/net/http/server.go:2294 +0x33
net/http.(*ServeMux).ServeHTTP(0x123a140, {0xe8cc58, 0xc000000540}, 0xc000190b40)
	/usr/local/go/src/net/http/server.go:2822 +0x3c2
net/http.serverHandler.ServeHTTP({0xc00023e000}, {0xe8cc58, 0xc000000540}, 0xc000190b40)
	/usr/local/go/src/net/http/server.go:3301 +0x257
net/http.(*conn).serve(0xc0001767e0, {0xe8d560, 0xc000174b40})
	/usr/local/go/src/net/http/server.go:2102 +0x1b75
created by net/http.(*Server).Serve in goroutine 1
	/usr/local/go/src/net/http/server.go:3454 +0xa9a
2025/08/17 05:34:15 server.go:3640: http: panic serving [::1]:51180: template: login.html:35: unexpected <.> in operand
goroutine 54 [running]:
net/http.(*conn).serve.func1()
	/usr/local/go/src/net/http/server.go:1947 +0x13f
panic({0xd7e840?, 0xc00032a5b0?})
	/usr/local/go/src/runtime/panic.go:792 +0x136
html/template.Must(0x0, {0xe89660, 0xc00032a5b0})
	/usr/local/go/src/html/template/template.go:368 +0x86
go-sample-todo/app/controllers.generateAuthHTML({0xe8cc58, 0xc0003401c0}, {0x0, 0x0}, {0xc0003233f0, 0x2, 0x2})
	/opt/go/app/controllers/routing.go:40 +0x2cf
go-sample-todo/app/controllers.login({0xe8cc58, 0xc0003401c0}, 0xc000332280)
	/opt/go/app/controllers/route_auth.go:74 +0x277
net/http.HandlerFunc.ServeHTTP(0xe47e98, {0xe8cc58, 0xc0003401c0}, 0xc000332280)
	/usr/local/go/src/net/http/server.go:2294 +0x33
net/http.(*ServeMux).ServeHTTP(0x123a140, {0xe8cc58, 0xc0003401c0}, 0xc000332280)
	/usr/local/go/src/net/http/server.go:2822 +0x3c2
net/http.serverHandler.ServeHTTP({0xc00023e000}, {0xe8cc58, 0xc0003401c0}, 0xc000332280)
	/usr/local/go/src/net/http/server.go:3301 +0x257
net/http.(*conn).serve(0xc000310240, {0xe8d560, 0xc000328320})
	/usr/local/go/src/net/http/server.go:2102 +0x1b75
created by net/http.(*Server).Serve in goroutine 1
	/usr/local/go/src/net/http/server.go:3454 +0xa9a
2025/08/17 05:34:16 server.go:3640: http: panic serving [::1]:51188: template: login.html:35: unexpected <.> in operand
goroutine 69 [running]:
net/http.(*conn).serve.func1()
	/usr/local/go/src/net/http/server.go:1947 +0x13f
panic({0xd7e840?, 0xc0003965e0?})
	/usr/local/go/src/runtime/panic.go:792 +0x136
html/template.Must(0x0, {0xe89660, 0xc0003965e0})
	/usr/local/go/src/html/template/template.go:368 +0x86
go-sample-todo/app/controllers.generateAuthHTML({0xe8cc58, 0xc000000620}, {0x0, 0x0}, {0xc00028d3f0, 0x2, 0x2})
	/opt/go/app/controllers/routing.go:40 +0x2cf
go-sample-todo/app/controllers.login({0xe8cc58, 0xc000000620}, 0xc000190c80)
	/opt/go/app/controllers/route_auth.go:74 +0x277
net/http.HandlerFunc.ServeHTTP(0xe47e98, {0xe8cc58, 0xc000000620}, 0xc000190c80)
	/usr/local/go/src/net/http/server.go:2294 +0x33
net/http.(*ServeMux).ServeHTTP(0x123a140, {0xe8cc58, 0xc000000620}, 0xc000190c80)
	/usr/local/go/src/net/http/server.go:2822 +0x3c2
net/http.serverHandler.ServeHTTP({0xc00023e000}, {0xe8cc58, 0xc000000620}, 0xc000190c80)
	/usr/local/go/src/net/http/server.go:3301 +0x257
net/http.(*conn).serve(0xc000176900, {0xe8d560, 0xc000174cd0})
	/usr/local/go/src/net/http/server.go:2102 +0x1b75
created by net/http.(*Server).Serve in goroutine 1
	/usr/local/go/src/net/http/server.go:3454 +0xa9a
2025/08/17 05:34:16 server.go:3640: http: panic serving [::1]:51198: template: login.html:35: unexpected <.> in operand
goroutine 56 [running]:
net/http.(*conn).serve.func1()
	/usr/local/go/src/net/http/server.go:1947 +0x13f
panic({0xd7e840?, 0xc00032a7a0?})
	/usr/local/go/src/runtime/panic.go:792 +0x136
html/template.Must(0x0, {0xe89660, 0xc00032a7a0})
	/usr/local/go/src/html/template/template.go:368 +0x86
go-sample-todo/app/controllers.generateAuthHTML({0xe8cc58, 0xc0003402a0}, {0x0, 0x0}, {0xc0003233f0, 0x2, 0x2})
	/opt/go/app/controllers/routing.go:40 +0x2cf
go-sample-todo/app/controllers.login({0xe8cc58, 0xc0003402a0}, 0xc0003323c0)
	/opt/go/app/controllers/route_auth.go:74 +0x277
net/http.HandlerFunc.ServeHTTP(0xe47e98, {0xe8cc58, 0xc0003402a0}, 0xc0003323c0)
	/usr/local/go/src/net/http/server.go:2294 +0x33
net/http.(*ServeMux).ServeHTTP(0x123a140, {0xe8cc58, 0xc0003402a0}, 0xc0003323c0)
	/usr/local/go/src/net/http/server.go:2822 +0x3c2
net/http.serverHandler.ServeHTTP({0xc00023e000}, {0xe8cc58, 0xc0003402a0}, 0xc0003323c0)
	/usr/local/go/src/net/http/server.go:3301 +0x257
net/http.(*conn).serve(0xc000310360, {0xe8d560, 0xc0003284b0})
	/usr/local/go/src/net/http/server.go:2102 +0x1b75
created by net/http.(*Server).Serve in goroutine 1
	/usr/local/go/src/net/http/server.go:3454 +0xa9a
time=2025-08-17T05:34:46.688Z level=DEBUG msg="debug Logging start" output=multi file=logs/app.log
time=2025-08-17T05:34:46.689Z level=DEBUG msg="start " file=/opt/go/main.go line=40 funcName=main.main
time=2025-08-17T05:34:46.689Z level=DEBUG msg="DB access init " funcName=go-sample-todo/app/models.InitDb file=/opt/go/app/models/base.go line=29
time=2025-08-17T05:34:46.689Z level=DEBUG msg="DB access init " con="golang:golang@tcp(db:3306)/golang?charset=utf8mb4&parseTime=True&loc=Asia%2FTokyo" func=go-sample-todo/app/models.InitDb file=/opt/go/app/models/base.go line=44
time=2025-08-17T05:34:46.728Z level=INFO msg="start Server " port=8881
time=2025-08-17T05:35:04.787Z level=DEBUG msg="login validation error " errors="map[LoginUser.Email:Emailの長さは少なくとも8文字はなければなりません LoginUser.Password:Passwordの長さは少なくとも8文字はなければなりません]" file=/opt/go/app/controllers/route_auth.go func=go-sample-todo/app/controllers.validateAuthenticate line=120
time=2025-08-17T05:36:05.518Z level=DEBUG msg="debug Logging start" output=multi file=logs/app.log
time=2025-08-17T05:36:05.518Z level=DEBUG msg="start " file=/opt/go/main.go line=40 funcName=main.main
time=2025-08-17T05:36:05.518Z level=DEBUG msg="DB access init " funcName=go-sample-todo/app/models.InitDb file=/opt/go/app/models/base.go line=29
time=2025-08-17T05:36:05.518Z level=DEBUG msg="DB access init " con="golang:golang@tcp(db:3306)/golang?charset=utf8mb4&parseTime=True&loc=Asia%2FTokyo" func=go-sample-todo/app/models.InitDb file=/opt/go/app/models/base.go line=44
time=2025-08-17T05:36:05.548Z level=INFO msg="start Server " port=8881
time=2025-08-17T05:36:18.727Z level=DEBUG msg="login validation error " errors="map[LoginUser.Email:Emailの長さは少なくとも8文字はなければなりません LoginUser.Password:Passwordの長さは少なくとも8文字はなければなりません]" file=/opt/go/app/controllers/route_auth.go func=go-sample-todo/app/controllers.validateAuthenticate line=120
time=2025-08-17T05:40:14.396Z level=DEBUG msg="debug Logging start" output=multi file=logs/app.log
time=2025-08-17T05:40:14.397Z level=DEBUG msg="start " file=/opt/go/main.go line=40 funcName=main.main
time=2025-08-17T05:40:14.397Z level=DEBUG msg="DB access init " funcName=go-sample-todo/app/models.InitDb file=/opt/go/app/models/base.go line=29
time=2025-08-17T05:40:14.397Z level=DEBUG msg="DB access init " con="golang:golang@tcp(db:3306)/golang?charset=utf8mb4&parseTime=True&loc=Asia%2FTokyo" func=go-sample-todo/app/models.InitDb file=/opt/go/app/models/base.go line=44
time=2025-08-17T05:40:14.440Z level=INFO msg="start Server " port=8881
time=2025-08-17T05:40:32.595Z level=DEBUG msg="login validation error " errors="map[LoginUser.Email:Emailの長さは少なくとも8文字はなければなりません LoginUser.Password:Passwordの長さは少なくとも8文字はなければなりません]" file=/opt/go/app/controllers/route_auth.go func=go-sample-todo/app/controllers.validateAuthenticate line=120
2025/08/17 05:40:32 server.go:3640: http: panic serving [::1]:48382: template: login.html:35: bad character U+0060 '`'
goroutine 2 [running]:
net/http.(*conn).serve.func1()
	/usr/local/go/src/net/http/server.go:1947 +0x13f
panic({0xd7e840?, 0xc0000235e0?})
	/usr/local/go/src/runtime/panic.go:792 +0x136
html/template.Must(0x0, {0xe89660, 0xc0000235e0})
	/usr/local/go/src/html/template/template.go:368 +0x86
go-sample-todo/app/controllers.generateAuthHTML({0xe8cc58, 0xc0000000e0}, {0xd95b60, 0xc000300ba0}, {0xc00027d468, 0x2, 0x2})
	/opt/go/app/controllers/routing.go:40 +0x2cf
go-sample-todo/app/controllers.authenticate({0xe8cc58, 0xc0000000e0}, 0xc00033c000)
	/opt/go/app/controllers/route_auth.go:149 +0xe8f
net/http.HandlerFunc.ServeHTTP(0xe47e60, {0xe8cc58, 0xc0000000e0}, 0xc00033c000)
	/usr/local/go/src/net/http/server.go:2294 +0x33
net/http.(*ServeMux).ServeHTTP(0x123a140, {0xe8cc58, 0xc0000000e0}, 0xc00033c000)
	/usr/local/go/src/net/http/server.go:2822 +0x3c2
net/http.serverHandler.ServeHTTP({0xc000320000}, {0xe8cc58, 0xc0000000e0}, 0xc00033c000)
	/usr/local/go/src/net/http/server.go:3301 +0x257
net/http.(*conn).serve(0xc000336090, {0xe8d560, 0xc00007eaf0})
	/usr/local/go/src/net/http/server.go:2102 +0x1b75
created by net/http.(*Server).Serve in goroutine 1
	/usr/local/go/src/net/http/server.go:3454 +0xa9a
time=2025-08-17T05:43:15.876Z level=DEBUG msg="login validation error " errors="map[LoginUser.Email:Emailの長さは少なくとも8文字はなければなりません LoginUser.Password:Passwordの長さは少なくとも8文字はなければなりません]" file=/opt/go/app/controllers/route_auth.go func=go-sample-todo/app/controllers.validateAuthenticate line=120
2025/08/17 05:43:15 server.go:3640: http: panic serving [::1]:48392: template: login.html:35: bad character U+0060 '`'
goroutine 27 [running]:
net/http.(*conn).serve.func1()
	/usr/local/go/src/net/http/server.go:1947 +0x13f
panic({0xd7e840?, 0xc0002b6ce0?})
	/usr/local/go/src/runtime/panic.go:792 +0x136
html/template.Must(0x0, {0xe89660, 0xc0002b6ce0})
	/usr/local/go/src/html/template/template.go:368 +0x86
go-sample-todo/app/controllers.generateAuthHTML({0xe8cc58, 0xc00012a0e0}, {0xd95b60, 0xc0002b4270}, {0xc0002a9468, 0x2, 0x2})
	/opt/go/app/controllers/routing.go:40 +0x2cf
go-sample-todo/app/controllers.authenticate({0xe8cc58, 0xc00012a0e0}, 0xc000140780)
	/opt/go/app/controllers/route_auth.go:149 +0xe8f
net/http.HandlerFunc.ServeHTTP(0xe47e60, {0xe8cc58, 0xc00012a0e0}, 0xc000140780)
	/usr/local/go/src/net/http/server.go:2294 +0x33
net/http.(*ServeMux).ServeHTTP(0x123a140, {0xe8cc58, 0xc00012a0e0}, 0xc000140780)
	/usr/local/go/src/net/http/server.go:2822 +0x3c2
net/http.serverHandler.ServeHTTP({0xc000320000}, {0xe8cc58, 0xc00012a0e0}, 0xc000140780)
	/usr/local/go/src/net/http/server.go:3301 +0x257
net/http.(*conn).serve(0xc0000fe480, {0xe8d560, 0xc0000fc550})
	/usr/local/go/src/net/http/server.go:2102 +0x1b75
created by net/http.(*Server).Serve in goroutine 1
	/usr/local/go/src/net/http/server.go:3454 +0xa9a
time=2025-08-17T05:44:19.486Z level=DEBUG msg="debug Logging start" output=multi file=logs/app.log
time=2025-08-17T05:44:19.487Z level=DEBUG msg="start " file=/opt/go/main.go line=40 funcName=main.main
time=2025-08-17T05:44:19.488Z level=DEBUG msg="DB access init " funcName=go-sample-todo/app/models.InitDb file=/opt/go/app/models/base.go line=29
time=2025-08-17T05:44:19.488Z level=DEBUG msg="DB access init " con="golang:golang@tcp(db:3306)/golang?charset=utf8mb4&parseTime=True&loc=Asia%2FTokyo" func=go-sample-todo/app/models.InitDb file=/opt/go/app/models/base.go line=44
time=2025-08-17T05:44:19.520Z level=INFO msg="start Server " port=8881
time=2025-08-17T05:50:15.265Z level=DEBUG msg="debug Logging start" output=multi file=logs/app.log
time=2025-08-17T05:50:15.270Z level=DEBUG msg="start " file=/opt/go/main.go line=40 funcName=main.main
time=2025-08-17T05:50:15.271Z level=DEBUG msg="DB access init " funcName=go-sample-todo/app/models.InitDb file=/opt/go/app/models/base.go line=29
time=2025-08-17T05:50:15.271Z level=DEBUG msg="DB access init " con="golang:golang@tcp(db:3306)/golang?charset=utf8mb4&parseTime=True&loc=Asia%2FTokyo" func=go-sample-todo/app/models.InitDb file=/opt/go/app/models/base.go line=44
time=2025-08-17T05:50:15.311Z level=INFO msg="start Server " port=8881
time=2025-08-17T05:52:11.955Z level=DEBUG msg="debug Logging start" output=multi file=logs/app.log
time=2025-08-17T05:52:11.956Z level=DEBUG msg="start " file=/opt/go/main.go line=40 funcName=main.main
time=2025-08-17T05:52:11.956Z level=DEBUG msg="DB access init " funcName=go-sample-todo/app/models.InitDb file=/opt/go/app/models/base.go line=29
time=2025-08-17T05:52:11.956Z level=DEBUG msg="DB access init " con="golang:golang@tcp(db:3306)/golang?charset=utf8mb4&parseTime=True&loc=Asia%2FTokyo" func=go-sample-todo/app/models.InitDb file=/opt/go/app/models/base.go line=44
time=2025-08-17T05:52:11.991Z level=INFO msg="start Server " port=8881
2025/08/17 05:52:16 server.go:3640: http: panic serving [::1]:44996: template: login.html:36: bad character U+005B '['
goroutine 3 [running]:
net/http.(*conn).serve.func1()
	/usr/local/go/src/net/http/server.go:1947 +0x13f
panic({0xd7e840?, 0xc0000224d0?})
	/usr/local/go/src/runtime/panic.go:792 +0x136
html/template.Must(0x0, {0xe89660, 0xc0000224d0})
	/usr/local/go/src/html/template/template.go:368 +0x86
go-sample-todo/app/controllers.generateAuthHTML({0xe8cc58, 0xc0000000e0}, {0x0, 0x0}, {0xc0003bf3f0, 0x2, 0x2})
	/opt/go/app/controllers/routing.go:40 +0x2cf
go-sample-todo/app/controllers.login({0xe8cc58, 0xc0000000e0}, 0xc0003b2000)
	/opt/go/app/controllers/route_auth.go:74 +0x277
net/http.HandlerFunc.ServeHTTP(0xe47e98, {0xe8cc58, 0xc0000000e0}, 0xc0003b2000)
	/usr/local/go/src/net/http/server.go:2294 +0x33
net/http.(*ServeMux).ServeHTTP(0x123a140, {0xe8cc58, 0xc0000000e0}, 0xc0003b2000)
	/usr/local/go/src/net/http/server.go:2822 +0x3c2
net/http.serverHandler.ServeHTTP({0xc000396000}, {0xe8cc58, 0xc0000000e0}, 0xc0003b2000)
	/usr/local/go/src/net/http/server.go:3301 +0x257
net/http.(*conn).serve(0xc0003ac090, {0xe8d560, 0xc000386aa0})
	/usr/local/go/src/net/http/server.go:2102 +0x1b75
created by net/http.(*Server).Serve in goroutine 1
	/usr/local/go/src/net/http/server.go:3454 +0xa9a
2025/08/17 05:52:16 server.go:3640: http: panic serving [::1]:45002: template: login.html:36: bad character U+005B '['
goroutine 22 [running]:
net/http.(*conn).serve.func1()
	/usr/local/go/src/net/http/server.go:1947 +0x13f
panic({0xd7e840?, 0xc00011a370?})
	/usr/local/go/src/runtime/panic.go:792 +0x136
html/template.Must(0x0, {0xe89660, 0xc00011a370})
	/usr/local/go/src/html/template/template.go:368 +0x86
go-sample-todo/app/controllers.generateAuthHTML({0xe8cc58, 0xc000324000}, {0x0, 0x0}, {0xc00012d3f0, 0x2, 0x2})
	/opt/go/app/controllers/routing.go:40 +0x2cf
go-sample-todo/app/controllers.login({0xe8cc58, 0xc000324000}, 0xc000320000)
	/opt/go/app/controllers/route_auth.go:74 +0x277
net/http.HandlerFunc.ServeHTTP(0xe47e98, {0xe8cc58, 0xc000324000}, 0xc000320000)
	/usr/local/go/src/net/http/server.go:2294 +0x33
net/http.(*ServeMux).ServeHTTP(0x123a140, {0xe8cc58, 0xc000324000}, 0xc000320000)
	/usr/local/go/src/net/http/server.go:2822 +0x3c2
net/http.serverHandler.ServeHTTP({0xc000396000}, {0xe8cc58, 0xc000324000}, 0xc000320000)
	/usr/local/go/src/net/http/server.go:3301 +0x257
net/http.(*conn).serve(0xc00031c000, {0xe8d560, 0xc00016c050})
	/usr/local/go/src/net/http/server.go:2102 +0x1b75
created by net/http.(*Server).Serve in goroutine 1
	/usr/local/go/src/net/http/server.go:3454 +0xa9a
2025/08/17 05:52:17 server.go:3640: http: panic serving [::1]:45014: template: login.html:36: bad character U+005B '['
goroutine 39 [running]:
net/http.(*conn).serve.func1()
	/usr/local/go/src/net/http/server.go:1947 +0x13f
panic({0xd7e840?, 0xc00011a540?})
	/usr/local/go/src/runtime/panic.go:792 +0x136
html/template.Must(0x0, {0xe89660, 0xc00011a540})
	/usr/local/go/src/html/template/template.go:368 +0x86
go-sample-todo/app/controllers.generateAuthHTML({0xe8cc58, 0xc0003240e0}, {0x0, 0x0}, {0xc00012d3f0, 0x2, 0x2})
	/opt/go/app/controllers/routing.go:40 +0x2cf
go-sample-todo/app/controllers.login({0xe8cc58, 0xc0003240e0}, 0xc000320140)
	/opt/go/app/controllers/route_auth.go:74 +0x277
net/http.HandlerFunc.ServeHTTP(0xe47e98, {0xe8cc58, 0xc0003240e0}, 0xc000320140)
	/usr/local/go/src/net/http/server.go:2294 +0x33
net/http.(*ServeMux).ServeHTTP(0x123a140, {0xe8cc58, 0xc0003240e0}, 0xc000320140)
	/usr/local/go/src/net/http/server.go:2822 +0x3c2
net/http.serverHandler.ServeHTTP({0xc000396000}, {0xe8cc58, 0xc0003240e0}, 0xc000320140)
	/usr/local/go/src/net/http/server.go:3301 +0x257
net/http.(*conn).serve(0xc000216480, {0xe8d560, 0xc00016c1e0})
	/usr/local/go/src/net/http/server.go:2102 +0x1b75
created by net/http.(*Server).Serve in goroutine 1
	/usr/local/go/src/net/http/server.go:3454 +0xa9a
2025/08/17 05:52:17 server.go:3640: http: panic serving [::1]:45020: template: login.html:36: bad character U+005B '['
goroutine 40 [running]:
net/http.(*conn).serve.func1()
	/usr/local/go/src/net/http/server.go:1947 +0x13f
panic({0xd7e840?, 0xc000193a00?})
	/usr/local/go/src/runtime/panic.go:792 +0x136
html/template.Must(0x0, {0xe89660, 0xc000193a00})
	/usr/local/go/src/html/template/template.go:368 +0x86
go-sample-todo/app/controllers.generateAuthHTML({0xe8cc58, 0xc00021a0e0}, {0x0, 0x0}, {0xc0002d93f0, 0x2, 0x2})
	/opt/go/app/controllers/routing.go:40 +0x2cf
go-sample-todo/app/controllers.login({0xe8cc58, 0xc00021a0e0}, 0xc000230780)
	/opt/go/app/controllers/route_auth.go:74 +0x277
net/http.HandlerFunc.ServeHTTP(0xe47e98, {0xe8cc58, 0xc00021a0e0}, 0xc000230780)
	/usr/local/go/src/net/http/server.go:2294 +0x33
net/http.(*ServeMux).ServeHTTP(0x123a140, {0xe8cc58, 0xc00021a0e0}, 0xc000230780)
	/usr/local/go/src/net/http/server.go:2822 +0x3c2
net/http.serverHandler.ServeHTTP({0xc000396000}, {0xe8cc58, 0xc00021a0e0}, 0xc000230780)
	/usr/local/go/src/net/http/server.go:3301 +0x257
net/http.(*conn).serve(0xc000216510, {0xe8d560, 0xc000214550})
	/usr/local/go/src/net/http/server.go:2102 +0x1b75
created by net/http.(*Server).Serve in goroutine 1
	/usr/local/go/src/net/http/server.go:3454 +0xa9a
2025/08/17 05:52:17 server.go:3640: http: panic serving [::1]:45026: template: login.html:36: bad character U+005B '['
goroutine 5 [running]:
net/http.(*conn).serve.func1()
	/usr/local/go/src/net/http/server.go:1947 +0x13f
panic({0xd7e840?, 0xc0000226a0?})
	/usr/local/go/src/runtime/panic.go:792 +0x136
html/template.Must(0x0, {0xe89660, 0xc0000226a0})
	/usr/local/go/src/html/template/template.go:368 +0x86
go-sample-todo/app/controllers.generateAuthHTML({0xe8cc58, 0xc0000001c0}, {0x0, 0x0}, {0xc0001293f0, 0x2, 0x2})
	/opt/go/app/controllers/routing.go:40 +0x2cf
go-sample-todo/app/controllers.login({0xe8cc58, 0xc0000001c0}, 0xc0003b2140)
	/opt/go/app/controllers/route_auth.go:74 +0x277
net/http.HandlerFunc.ServeHTTP(0xe47e98, {0xe8cc58, 0xc0000001c0}, 0xc0003b2140)
	/usr/local/go/src/net/http/server.go:2294 +0x33
net/http.(*ServeMux).ServeHTTP(0x123a140, {0xe8cc58, 0xc0000001c0}, 0xc0003b2140)
	/usr/local/go/src/net/http/server.go:2822 +0x3c2
net/http.serverHandler.ServeHTTP({0xc000396000}, {0xe8cc58, 0xc0000001c0}, 0xc0003b2140)
	/usr/local/go/src/net/http/server.go:3301 +0x257
net/http.(*conn).serve(0xc0003ac240, {0xe8d560, 0xc000386c30})
	/usr/local/go/src/net/http/server.go:2102 +0x1b75
created by net/http.(*Server).Serve in goroutine 1
	/usr/local/go/src/net/http/server.go:3454 +0xa9a
2025/08/17 05:52:18 server.go:3640: http: panic serving [::1]:45040: template: login.html:36: bad character U+005B '['
goroutine 42 [running]:
net/http.(*conn).serve.func1()
	/usr/local/go/src/net/http/server.go:1947 +0x13f
panic({0xd7e840?, 0xc000022860?})
	/usr/local/go/src/runtime/panic.go:792 +0x136
html/template.Must(0x0, {0xe89660, 0xc000022860})
	/usr/local/go/src/html/template/template.go:368 +0x86
go-sample-todo/app/controllers.generateAuthHTML({0xe8cc58, 0xc0000002a0}, {0x0, 0x0}, {0xc0002d93f0, 0x2, 0x2})
	/opt/go/app/controllers/routing.go:40 +0x2cf
go-sample-todo/app/controllers.login({0xe8cc58, 0xc0000002a0}, 0xc0002308c0)
	/opt/go/app/controllers/route_auth.go:74 +0x277
net/http.HandlerFunc.ServeHTTP(0xe47e98, {0xe8cc58, 0xc0000002a0}, 0xc0002308c0)
	/usr/local/go/src/net/http/server.go:2294 +0x33
net/http.(*ServeMux).ServeHTTP(0x123a140, {0xe8cc58, 0xc0000002a0}, 0xc0002308c0)
	/usr/local/go/src/net/http/server.go:2822 +0x3c2
net/http.serverHandler.ServeHTTP({0xc000396000}, {0xe8cc58, 0xc0000002a0}, 0xc0002308c0)
	/usr/local/go/src/net/http/server.go:3301 +0x257
net/http.(*conn).serve(0xc000216630, {0xe8d560, 0xc0002146e0})
	/usr/local/go/src/net/http/server.go:2102 +0x1b75
created by net/http.(*Server).Serve in goroutine 1
	/usr/local/go/src/net/http/server.go:3454 +0xa9a
2025/08/17 05:52:19 server.go:3640: http: panic serving [::1]:45052: template: login.html:36: bad character U+005B '['
goroutine 25 [running]:
net/http.(*conn).serve.func1()
	/usr/local/go/src/net/http/server.go:1947 +0x13f
panic({0xd7e840?, 0xc00011a710?})
	/usr/local/go/src/runtime/panic.go:792 +0x136
html/template.Must(0x0, {0xe89660, 0xc00011a710})
	/usr/local/go/src/html/template/template.go:368 +0x86
go-sample-todo/app/controllers.generateAuthHTML({0xe8cc58, 0xc0003241c0}, {0x0, 0x0}, {0xc00012d3f0, 0x2, 0x2})
	/opt/go/app/controllers/routing.go:40 +0x2cf
go-sample-todo/app/controllers.login({0xe8cc58, 0xc0003241c0}, 0xc000320280)
	/opt/go/app/controllers/route_auth.go:74 +0x277
net/http.HandlerFunc.ServeHTTP(0xe47e98, {0xe8cc58, 0xc0003241c0}, 0xc000320280)
	/usr/local/go/src/net/http/server.go:2294 +0x33
net/http.(*ServeMux).ServeHTTP(0x123a140, {0xe8cc58, 0xc0003241c0}, 0xc000320280)
	/usr/local/go/src/net/http/server.go:2822 +0x3c2
net/http.serverHandler.ServeHTTP({0xc000396000}, {0xe8cc58, 0xc0003241c0}, 0xc000320280)
	/usr/local/go/src/net/http/server.go:3301 +0x257
net/http.(*conn).serve(0xc00031c1b0, {0xe8d560, 0xc00016c370})
	/usr/local/go/src/net/http/server.go:2102 +0x1b75
created by net/http.(*Server).Serve in goroutine 1
	/usr/local/go/src/net/http/server.go:3454 +0xa9a
2025/08/17 05:52:19 server.go:3640: http: panic serving [::1]:45054: template: login.html:36: bad character U+005B '['
goroutine 43 [running]:
net/http.(*conn).serve.func1()
	/usr/local/go/src/net/http/server.go:1947 +0x13f
panic({0xd7e840?, 0xc000193be0?})
	/usr/local/go/src/runtime/panic.go:792 +0x136
html/template.Must(0x0, {0xe89660, 0xc000193be0})
	/usr/local/go/src/html/template/template.go:368 +0x86
go-sample-todo/app/controllers.generateAuthHTML({0xe8cc58, 0xc00021a1c0}, {0x0, 0x0}, {0xc0002db3f0, 0x2, 0x2})
	/opt/go/app/controllers/routing.go:40 +0x2cf
go-sample-todo/app/controllers.login({0xe8cc58, 0xc00021a1c0}, 0xc000230a00)
	/opt/go/app/controllers/route_auth.go:74 +0x277
net/http.HandlerFunc.ServeHTTP(0xe47e98, {0xe8cc58, 0xc00021a1c0}, 0xc000230a00)
	/usr/local/go/src/net/http/server.go:2294 +0x33
net/http.(*ServeMux).ServeHTTP(0x123a140, {0xe8cc58, 0xc00021a1c0}, 0xc000230a00)
	/usr/local/go/src/net/http/server.go:2822 +0x3c2
net/http.serverHandler.ServeHTTP({0xc000396000}, {0xe8cc58, 0xc00021a1c0}, 0xc000230a00)
	/usr/local/go/src/net/http/server.go:3301 +0x257
net/http.(*conn).serve(0xc0002166c0, {0xe8d560, 0xc000214730})
	/usr/local/go/src/net/http/server.go:2102 +0x1b75
created by net/http.(*Server).Serve in goroutine 1
	/usr/local/go/src/net/http/server.go:3454 +0xa9a
2025/08/17 05:52:19 server.go:3640: http: panic serving [::1]:45066: template: login.html:36: bad character U+005B '['
goroutine 45 [running]:
net/http.(*conn).serve.func1()
	/usr/local/go/src/net/http/server.go:1947 +0x13f
panic({0xd7e840?, 0xc000193db0?})
	/usr/local/go/src/runtime/panic.go:792 +0x136
html/template.Must(0x0, {0xe89660, 0xc000193db0})
	/usr/local/go/src/html/template/template.go:368 +0x86
go-sample-todo/app/controllers.generateAuthHTML({0xe8cc58, 0xc00021a2a0}, {0x0, 0x0}, {0xc0002db3f0, 0x2, 0x2})
	/opt/go/app/controllers/routing.go:40 +0x2cf
go-sample-todo/app/controllers.login({0xe8cc58, 0xc00021a2a0}, 0xc000230b40)
	/opt/go/app/controllers/route_auth.go:74 +0x277
net/http.HandlerFunc.ServeHTTP(0xe47e98, {0xe8cc58, 0xc00021a2a0}, 0xc000230b40)
	/usr/local/go/src/net/http/server.go:2294 +0x33
net/http.(*ServeMux).ServeHTTP(0x123a140, {0xe8cc58, 0xc00021a2a0}, 0xc000230b40)
	/usr/local/go/src/net/http/server.go:2822 +0x3c2
net/http.serverHandler.ServeHTTP({0xc000396000}, {0xe8cc58, 0xc00021a2a0}, 0xc000230b40)
	/usr/local/go/src/net/http/server.go:3301 +0x257
net/http.(*conn).serve(0xc0002167e0, {0xe8d560, 0xc0002148c0})
	/usr/local/go/src/net/http/server.go:2102 +0x1b75
created by net/http.(*Server).Serve in goroutine 1
	/usr/local/go/src/net/http/server.go:3454 +0xa9a
2025/08/17 05:52:20 server.go:3640: http: panic serving [::1]:45080: template: login.html:36: bad character U+005B '['
goroutine 8 [running]:
net/http.(*conn).serve.func1()
	/usr/local/go/src/net/http/server.go:1947 +0x13f
panic({0xd7e840?, 0xc000022a30?})
	/usr/local/go/src/runtime/panic.go:792 +0x136
html/template.Must(0x0, {0xe89660, 0xc000022a30})
	/usr/local/go/src/html/template/template.go:368 +0x86
go-sample-todo/app/controllers.generateAuthHTML({0xe8cc58, 0xc000000380}, {0x0, 0x0}, {0xc0002d93f0, 0x2, 0x2})
	/opt/go/app/controllers/routing.go:40 +0x2cf
go-sample-todo/app/controllers.login({0xe8cc58, 0xc000000380}, 0xc0003b2280)
	/opt/go/app/controllers/route_auth.go:74 +0x277
net/http.HandlerFunc.ServeHTTP(0xe47e98, {0xe8cc58, 0xc000000380}, 0xc0003b2280)
	/usr/local/go/src/net/http/server.go:2294 +0x33
net/http.(*ServeMux).ServeHTTP(0x123a140, {0xe8cc58, 0xc000000380}, 0xc0003b2280)
	/usr/local/go/src/net/http/server.go:2822 +0x3c2
net/http.serverHandler.ServeHTTP({0xc000396000}, {0xe8cc58, 0xc000000380}, 0xc0003b2280)
	/usr/local/go/src/net/http/server.go:3301 +0x257
net/http.(*conn).serve(0xc0003ac3f0, {0xe8d560, 0xc000386f00})
	/usr/local/go/src/net/http/server.go:2102 +0x1b75
created by net/http.(*Server).Serve in goroutine 1
	/usr/local/go/src/net/http/server.go:3454 +0xa9a
time=2025-08-17T05:54:42.985Z level=DEBUG msg="debug Logging start" output=multi file=logs/app.log
time=2025-08-17T05:54:42.987Z level=DEBUG msg="start " file=/opt/go/main.go line=40 funcName=main.main
time=2025-08-17T05:54:42.987Z level=DEBUG msg="DB access init " funcName=go-sample-todo/app/models.InitDb file=/opt/go/app/models/base.go line=29
time=2025-08-17T05:54:42.988Z level=DEBUG msg="DB access init " con="golang:golang@tcp(db:3306)/golang?charset=utf8mb4&parseTime=True&loc=Asia%2FTokyo" func=go-sample-todo/app/models.InitDb file=/opt/go/app/models/base.go line=44
time=2025-08-17T05:54:43.034Z level=INFO msg="start Server " port=8881
2025/08/17 05:54:58 server.go:3640: http: panic serving [::1]:53880: template: login.html:36: bad character U+005B '['
goroutine 7 [running]:
net/http.(*conn).serve.func1()
	/usr/local/go/src/net/http/server.go:1947 +0x13f
panic({0xd7e840?, 0xc000022630?})
	/usr/local/go/src/runtime/panic.go:792 +0x136
html/template.Must(0x0, {0xe89620, 0xc000022630})
	/usr/local/go/src/html/template/template.go:368 +0x86
go-sample-todo/app/controllers.generateAuthHTML({0xe8cc18, 0xc0000000e0}, {0x0, 0x0}, {0xc0002ed3f0, 0x2, 0x2})
	/opt/go/app/controllers/routing.go:40 +0x2cf
go-sample-todo/app/controllers.login({0xe8cc18, 0xc0000000e0}, 0xc000150000)
	/opt/go/app/controllers/route_auth.go:74 +0x277
net/http.HandlerFunc.ServeHTTP(0xe47e98, {0xe8cc18, 0xc0000000e0}, 0xc000150000)
	/usr/local/go/src/net/http/server.go:2294 +0x33
net/http.(*ServeMux).ServeHTTP(0x123a140, {0xe8cc18, 0xc0000000e0}, 0xc000150000)
	/usr/local/go/src/net/http/server.go:2822 +0x3c2
net/http.serverHandler.ServeHTTP({0xc000138000}, {0xe8cc18, 0xc0000000e0}, 0xc000150000)
	/usr/local/go/src/net/http/server.go:3301 +0x257
net/http.(*conn).serve(0xc00014a090, {0xe8d520, 0xc00012caa0})
	/usr/local/go/src/net/http/server.go:2102 +0x1b75
created by net/http.(*Server).Serve in goroutine 1
	/usr/local/go/src/net/http/server.go:3454 +0xa9a
2025/08/17 05:54:58 server.go:3640: http: panic serving [::1]:53896: template: login.html:36: bad character U+005B '['
goroutine 9 [running]:
net/http.(*conn).serve.func1()
	/usr/local/go/src/net/http/server.go:1947 +0x13f
panic({0xd7e840?, 0xc000022800?})
	/usr/local/go/src/runtime/panic.go:792 +0x136
html/template.Must(0x0, {0xe89620, 0xc000022800})
	/usr/local/go/src/html/template/template.go:368 +0x86
go-sample-todo/app/controllers.generateAuthHTML({0xe8cc18, 0xc0000001c0}, {0x0, 0x0}, {0xc0002b73f0, 0x2, 0x2})
	/opt/go/app/controllers/routing.go:40 +0x2cf
go-sample-todo/app/controllers.login({0xe8cc18, 0xc0000001c0}, 0xc000150140)
	/opt/go/app/controllers/route_auth.go:74 +0x277
net/http.HandlerFunc.ServeHTTP(0xe47e98, {0xe8cc18, 0xc0000001c0}, 0xc000150140)
	/usr/local/go/src/net/http/server.go:2294 +0x33
net/http.(*ServeMux).ServeHTTP(0x123a140, {0xe8cc18, 0xc0000001c0}, 0xc000150140)
	/usr/local/go/src/net/http/server.go:2822 +0x3c2
net/http.serverHandler.ServeHTTP({0xc000138000}, {0xe8cc18, 0xc0000001c0}, 0xc000150140)
	/usr/local/go/src/net/http/server.go:3301 +0x257
net/http.(*conn).serve(0xc00014a240, {0xe8d520, 0xc00012cc30})
	/usr/local/go/src/net/http/server.go:2102 +0x1b75
created by net/http.(*Server).Serve in goroutine 1
	/usr/local/go/src/net/http/server.go:3454 +0xa9a
2025/08/17 05:54:58 server.go:3640: http: panic serving [::1]:53900: template: login.html:36: bad character U+005B '['
goroutine 20 [running]:
net/http.(*conn).serve.func1()
	/usr/local/go/src/net/http/server.go:1947 +0x13f
panic({0xd7e840?, 0xc0000a2480?})
	/usr/local/go/src/runtime/panic.go:792 +0x136
html/template.Must(0x0, {0xe89620, 0xc0000a2480})
	/usr/local/go/src/html/template/template.go:368 +0x86
go-sample-todo/app/controllers.generateAuthHTML({0xe8cc18, 0xc0000f2000}, {0x0, 0x0}, {0xc0000e53f0, 0x2, 0x2})
	/opt/go/app/controllers/routing.go:40 +0x2cf
go-sample-todo/app/controllers.login({0xe8cc18, 0xc0000f2000}, 0xc0000ea000)
	/opt/go/app/controllers/route_auth.go:74 +0x277
net/http.HandlerFunc.ServeHTTP(0xe47e98, {0xe8cc18, 0xc0000f2000}, 0xc0000ea000)
	/usr/local/go/src/net/http/server.go:2294 +0x33
net/http.(*ServeMux).ServeHTTP(0x123a140, {0xe8cc18, 0xc0000f2000}, 0xc0000ea000)
	/usr/local/go/src/net/http/server.go:2822 +0x3c2
net/http.serverHandler.ServeHTTP({0xc000138000}, {0xe8cc18, 0xc0000f2000}, 0xc0000ea000)
	/usr/local/go/src/net/http/server.go:3301 +0x257
net/http.(*conn).serve(0xc0000de000, {0xe8d520, 0xc0000c4050})
	/usr/local/go/src/net/http/server.go:2102 +0x1b75
created by net/http.(*Server).Serve in goroutine 1
	/usr/local/go/src/net/http/server.go:3454 +0xa9a
2025/08/17 05:54:59 server.go:3640: http: panic serving [::1]:53914: template: login.html:36: bad character U+005B '['
goroutine 22 [running]:
net/http.(*conn).serve.func1()
	/usr/local/go/src/net/http/server.go:1947 +0x13f
panic({0xd7e840?, 0xc0000a2650?})
	/usr/local/go/src/runtime/panic.go:792 +0x136
html/template.Must(0x0, {0xe89620, 0xc0000a2650})
	/usr/local/go/src/html/template/template.go:368 +0x86
go-sample-todo/app/controllers.generateAuthHTML({0xe8cc18, 0xc0000f20e0}, {0x0, 0x0}, {0xc0000e53f0, 0x2, 0x2})
	/opt/go/app/controllers/routing.go:40 +0x2cf
go-sample-todo/app/controllers.login({0xe8cc18, 0xc0000f20e0}, 0xc0000ea140)
	/opt/go/app/controllers/route_auth.go:74 +0x277
net/http.HandlerFunc.ServeHTTP(0xe47e98, {0xe8cc18, 0xc0000f20e0}, 0xc0000ea140)
	/usr/local/go/src/net/http/server.go:2294 +0x33
net/http.(*ServeMux).ServeHTTP(0x123a140, {0xe8cc18, 0xc0000f20e0}, 0xc0000ea140)
	/usr/local/go/src/net/http/server.go:2822 +0x3c2
net/http.serverHandler.ServeHTTP({0xc000138000}, {0xe8cc18, 0xc0000f20e0}, 0xc0000ea140)
	/usr/local/go/src/net/http/server.go:3301 +0x257
net/http.(*conn).serve(0xc0000de120, {0xe8d520, 0xc0000c41e0})
	/usr/local/go/src/net/http/server.go:2102 +0x1b75
created by net/http.(*Server).Serve in goroutine 1
	/usr/local/go/src/net/http/server.go:3454 +0xa9a
2025/08/17 05:54:59 server.go:3640: http: panic serving [::1]:53918: template: login.html:36: bad character U+005B '['
goroutine 11 [running]:
net/http.(*conn).serve.func1()
	/usr/local/go/src/net/http/server.go:1947 +0x13f
panic({0xd7e840?, 0xc0000229d0?})
	/usr/local/go/src/runtime/panic.go:792 +0x136
html/template.Must(0x0, {0xe89620, 0xc0000229d0})
	/usr/local/go/src/html/template/template.go:368 +0x86
go-sample-todo/app/controllers.generateAuthHTML({0xe8cc18, 0xc0000002a0}, {0x0, 0x0}, {0xc0002b73f0, 0x2, 0x2})
	/opt/go/app/controllers/routing.go:40 +0x2cf
go-sample-todo/app/controllers.login({0xe8cc18, 0xc0000002a0}, 0xc000150280)
	/opt/go/app/controllers/route_auth.go:74 +0x277
net/http.HandlerFunc.ServeHTTP(0xe47e98, {0xe8cc18, 0xc0000002a0}, 0xc000150280)
	/usr/local/go/src/net/http/server.go:2294 +0x33
net/http.(*ServeMux).ServeHTTP(0x123a140, {0xe8cc18, 0xc0000002a0}, 0xc000150280)
	/usr/local/go/src/net/http/server.go:2822 +0x3c2
net/http.serverHandler.ServeHTTP({0xc000138000}, {0xe8cc18, 0xc0000002a0}, 0xc000150280)
	/usr/local/go/src/net/http/server.go:3301 +0x257
net/http.(*conn).serve(0xc00014a360, {0xe8d520, 0xc00012cdc0})
	/usr/local/go/src/net/http/server.go:2102 +0x1b75
created by net/http.(*Server).Serve in goroutine 1
	/usr/local/go/src/net/http/server.go:3454 +0xa9a
2025/08/17 05:55:00 server.go:3640: http: panic serving [::1]:53934: template: login.html:36: bad character U+005B '['
goroutine 24 [running]:
net/http.(*conn).serve.func1()
	/usr/local/go/src/net/http/server.go:1947 +0x13f
panic({0xd7e840?, 0xc000022b90?})
	/usr/local/go/src/runtime/panic.go:792 +0x136
html/template.Must(0x0, {0xe89620, 0xc000022b90})
	/usr/local/go/src/html/template/template.go:368 +0x86
go-sample-todo/app/controllers.generateAuthHTML({0xe8cc18, 0xc000000380}, {0x0, 0x0}, {0xc0000e53f0, 0x2, 0x2})
	/opt/go/app/controllers/routing.go:40 +0x2cf
go-sample-todo/app/controllers.login({0xe8cc18, 0xc000000380}, 0xc0000ea280)
	/opt/go/app/controllers/route_auth.go:74 +0x277
net/http.HandlerFunc.ServeHTTP(0xe47e98, {0xe8cc18, 0xc000000380}, 0xc0000ea280)
	/usr/local/go/src/net/http/server.go:2294 +0x33
net/http.(*ServeMux).ServeHTTP(0x123a140, {0xe8cc18, 0xc000000380}, 0xc0000ea280)
	/usr/local/go/src/net/http/server.go:2822 +0x3c2
net/http.serverHandler.ServeHTTP({0xc000138000}, {0xe8cc18, 0xc000000380}, 0xc0000ea280)
	/usr/local/go/src/net/http/server.go:3301 +0x257
net/http.(*conn).serve(0xc0000de240, {0xe8d520, 0xc0000c4370})
	/usr/local/go/src/net/http/server.go:2102 +0x1b75
created by net/http.(*Server).Serve in goroutine 1
	/usr/local/go/src/net/http/server.go:3454 +0xa9a
2025/08/17 05:55:00 server.go:3640: http: panic serving [::1]:53944: template: login.html:36: bad character U+005B '['
goroutine 25 [running]:
net/http.(*conn).serve.func1()
	/usr/local/go/src/net/http/server.go:1947 +0x13f
panic({0xd7e840?, 0xc0000a2830?})
	/usr/local/go/src/runtime/panic.go:792 +0x136
html/template.Must(0x0, {0xe89620, 0xc0000a2830})
	/usr/local/go/src/html/template/template.go:368 +0x86
go-sample-todo/app/controllers.generateAuthHTML({0xe8cc18, 0xc0000f21c0}, {0x0, 0x0}, {0xc0000e73f0, 0x2, 0x2})
	/opt/go/app/controllers/routing.go:40 +0x2cf
go-sample-todo/app/controllers.login({0xe8cc18, 0xc0000f21c0}, 0xc0000ea3c0)
	/opt/go/app/controllers/route_auth.go:74 +0x277
net/http.HandlerFunc.ServeHTTP(0xe47e98, {0xe8cc18, 0xc0000f21c0}, 0xc0000ea3c0)
	/usr/local/go/src/net/http/server.go:2294 +0x33
net/http.(*ServeMux).ServeHTTP(0x123a140, {0xe8cc18, 0xc0000f21c0}, 0xc0000ea3c0)
	/usr/local/go/src/net/http/server.go:2822 +0x3c2
net/http.serverHandler.ServeHTTP({0xc000138000}, {0xe8cc18, 0xc0000f21c0}, 0xc0000ea3c0)
	/usr/local/go/src/net/http/server.go:3301 +0x257
net/http.(*conn).serve(0xc0000de2d0, {0xe8d520, 0xc0000c43c0})
	/usr/local/go/src/net/http/server.go:2102 +0x1b75
created by net/http.(*Server).Serve in goroutine 1
	/usr/local/go/src/net/http/server.go:3454 +0xa9a
2025/08/17 05:55:01 server.go:3640: http: panic serving [::1]:53954: template: login.html:36: bad character U+005B '['
goroutine 14 [running]:
net/http.(*conn).serve.func1()
	/usr/local/go/src/net/http/server.go:1947 +0x13f
panic({0xd7e840?, 0xc000022d60?})
	/usr/local/go/src/runtime/panic.go:792 +0x136
html/template.Must(0x0, {0xe89620, 0xc000022d60})
	/usr/local/go/src/html/template/template.go:368 +0x86
go-sample-todo/app/controllers.generateAuthHTML({0xe8cc18, 0xc000000460}, {0x0, 0x0}, {0xc0000e53f0, 0x2, 0x2})
	/opt/go/app/controllers/routing.go:40 +0x2cf
go-sample-todo/app/controllers.login({0xe8cc18, 0xc000000460}, 0xc0001503c0)
	/opt/go/app/controllers/route_auth.go:74 +0x277
net/http.HandlerFunc.ServeHTTP(0xe47e98, {0xe8cc18, 0xc000000460}, 0xc0001503c0)
	/usr/local/go/src/net/http/server.go:2294 +0x33
net/http.(*ServeMux).ServeHTTP(0x123a140, {0xe8cc18, 0xc000000460}, 0xc0001503c0)
	/usr/local/go/src/net/http/server.go:2822 +0x3c2
net/http.serverHandler.ServeHTTP({0xc000138000}, {0xe8cc18, 0xc000000460}, 0xc0001503c0)
	/usr/local/go/src/net/http/server.go:3301 +0x257
net/http.(*conn).serve(0xc00014a510, {0xe8d520, 0xc00012d0e0})
	/usr/local/go/src/net/http/server.go:2102 +0x1b75
created by net/http.(*Server).Serve in goroutine 1
	/usr/local/go/src/net/http/server.go:3454 +0xa9a
2025/08/17 05:55:01 server.go:3640: http: panic serving [::1]:53960: template: login.html:36: bad character U+005B '['
goroutine 37 [running]:
net/http.(*conn).serve.func1()
	/usr/local/go/src/net/http/server.go:1947 +0x13f
panic({0xd7e840?, 0xc0001857a0?})
	/usr/local/go/src/runtime/panic.go:792 +0x136
html/template.Must(0x0, {0xe89620, 0xc0001857a0})
	/usr/local/go/src/html/template/template.go:368 +0x86
go-sample-todo/app/controllers.generateAuthHTML({0xe8cc18, 0xc0002020e0}, {0x0, 0x0}, {0xc0002bb3f0, 0x2, 0x2})
	/opt/go/app/controllers/routing.go:40 +0x2cf
go-sample-todo/app/controllers.login({0xe8cc18, 0xc0002020e0}, 0xc00021e780)
	/opt/go/app/controllers/route_auth.go:74 +0x277
net/http.HandlerFunc.ServeHTTP(0xe47e98, {0xe8cc18, 0xc0002020e0}, 0xc00021e780)
	/usr/local/go/src/net/http/server.go:2294 +0x33
net/http.(*ServeMux).ServeHTTP(0x123a140, {0xe8cc18, 0xc0002020e0}, 0xc00021e780)
	/usr/local/go/src/net/http/server.go:2822 +0x3c2
net/http.serverHandler.ServeHTTP({0xc000138000}, {0xe8cc18, 0xc0002020e0}, 0xc00021e780)
	/usr/local/go/src/net/http/server.go:3301 +0x257
net/http.(*conn).serve(0xc0001fc480, {0xe8d520, 0xc0001fa550})
	/usr/local/go/src/net/http/server.go:2102 +0x1b75
created by net/http.(*Server).Serve in goroutine 1
	/usr/local/go/src/net/http/server.go:3454 +0xa9a
2025/08/17 05:55:02 server.go:3640: http: panic serving [::1]:53962: template: login.html:36: bad character U+005B '['
goroutine 39 [running]:
net/http.(*conn).serve.func1()
	/usr/local/go/src/net/http/server.go:1947 +0x13f
panic({0xd7e840?, 0xc000185970?})
	/usr/local/go/src/runtime/panic.go:792 +0x136
html/template.Must(0x0, {0xe89620, 0xc000185970})
	/usr/local/go/src/html/template/template.go:368 +0x86
go-sample-todo/app/controllers.generateAuthHTML({0xe8cc18, 0xc0002021c0}, {0x0, 0x0}, {0xc0002bb3f0, 0x2, 0x2})
	/opt/go/app/controllers/routing.go:40 +0x2cf
go-sample-todo/app/controllers.login({0xe8cc18, 0xc0002021c0}, 0xc00021e8c0)
	/opt/go/app/controllers/route_auth.go:74 +0x277
net/http.HandlerFunc.ServeHTTP(0xe47e98, {0xe8cc18, 0xc0002021c0}, 0xc00021e8c0)
	/usr/local/go/src/net/http/server.go:2294 +0x33
net/http.(*ServeMux).ServeHTTP(0x123a140, {0xe8cc18, 0xc0002021c0}, 0xc00021e8c0)
	/usr/local/go/src/net/http/server.go:2822 +0x3c2
net/http.serverHandler.ServeHTTP({0xc000138000}, {0xe8cc18, 0xc0002021c0}, 0xc00021e8c0)
	/usr/local/go/src/net/http/server.go:3301 +0x257
net/http.(*conn).serve(0xc0001fc5a0, {0xe8d520, 0xc0001fa6e0})
	/usr/local/go/src/net/http/server.go:2102 +0x1b75
created by net/http.(*Server).Serve in goroutine 1
	/usr/local/go/src/net/http/server.go:3454 +0xa9a
time=2025-08-17T05:55:40.910Z level=DEBUG msg="debug Logging start" output=multi file=logs/app.log
time=2025-08-17T05:55:40.913Z level=DEBUG msg="start " file=/opt/go/main.go line=40 funcName=main.main
time=2025-08-17T05:55:40.913Z level=DEBUG msg="DB access init " funcName=go-sample-todo/app/models.InitDb file=/opt/go/app/models/base.go line=29
time=2025-08-17T05:55:40.913Z level=DEBUG msg="DB access init " con="golang:golang@tcp(db:3306)/golang?charset=utf8mb4&parseTime=True&loc=Asia%2FTokyo" func=go-sample-todo/app/models.InitDb file=/opt/go/app/models/base.go line=44
time=2025-08-17T05:55:41.021Z level=INFO msg="start Server " port=8881
time=2025-08-17T05:55:57.007Z level=DEBUG msg="login validation error " errors="map[LoginUser.Email:Emailの長さは少なくとも8文字はなければなりません LoginUser.Password:Passwordの長さは少なくとも8文字はなければなりません]" file=/opt/go/app/controllers/route_auth.go func=go-sample-todo/app/controllers.validateAuthenticate line=124
time=2025-08-17T06:07:31.307Z level=DEBUG msg="debug Logging start" output=multi file=logs/app.log
time=2025-08-17T06:07:31.307Z level=DEBUG msg="start " file=/opt/go/main.go line=40 funcName=main.main
time=2025-08-17T06:07:31.307Z level=DEBUG msg="DB access init " funcName=go-sample-todo/app/models.InitDb file=/opt/go/app/models/base.go line=29
time=2025-08-17T06:07:31.307Z level=DEBUG msg="DB access init " con="golang:golang@tcp(db:3306)/golang?charset=utf8mb4&parseTime=True&loc=Asia%2FTokyo" func=go-sample-todo/app/models.InitDb file=/opt/go/app/models/base.go line=44
time=2025-08-17T06:07:31.346Z level=INFO msg="start Server " port=8881
time=2025-08-17T06:08:25.115Z level=DEBUG msg="login validation error " errors="map[LoginUser.Email:Emailの長さは少なくとも8文字はなければなりません LoginUser.Password:Passwordの長さは少なくとも8文字はなければなりません]" file=/opt/go/app/controllers/route_auth.go func=go-sample-todo/app/controllers.validateAuthenticate line=124
time=2025-08-17T06:10:50.726Z level=DEBUG msg="debug Logging start" output=multi file=logs/app.log
time=2025-08-17T06:10:50.727Z level=DEBUG msg="start " file=/opt/go/main.go line=40 funcName=main.main
time=2025-08-17T06:10:50.727Z level=DEBUG msg="DB access init " funcName=go-sample-todo/app/models.InitDb file=/opt/go/app/models/base.go line=29
time=2025-08-17T06:10:50.727Z level=DEBUG msg="DB access init " con="golang:golang@tcp(db:3306)/golang?charset=utf8mb4&parseTime=True&loc=Asia%2FTokyo" func=go-sample-todo/app/models.InitDb file=/opt/go/app/models/base.go line=44
time=2025-08-17T06:10:50.751Z level=INFO msg="start Server " port=8881
time=2025-08-17T06:11:05.504Z level=DEBUG msg="login validation error " errors="map[LoginUser.Email:Emailの長さは少なくとも8文字はなければなりません LoginUser.Password:Passwordの長さは少なくとも8文字はなければなりません]" file=/opt/go/app/controllers/route_auth.go func=go-sample-todo/app/controllers.validateAuthenticate line=125
time=2025-08-17T06:13:09.976Z level=DEBUG msg="debug Logging start" output=multi file=logs/app.log
time=2025-08-17T06:13:09.977Z level=DEBUG msg="start " file=/opt/go/main.go line=40 funcName=main.main
time=2025-08-17T06:13:09.977Z level=DEBUG msg="DB access init " funcName=go-sample-todo/app/models.InitDb file=/opt/go/app/models/base.go line=29
time=2025-08-17T06:13:09.977Z level=DEBUG msg="DB access init " con="golang:golang@tcp(db:3306)/golang?charset=utf8mb4&parseTime=True&loc=Asia%2FTokyo" func=go-sample-todo/app/models.InitDb file=/opt/go/app/models/base.go line=44
time=2025-08-17T06:13:10.003Z level=INFO msg="start Server " port=8881
time=2025-08-17T06:13:24.590Z level=DEBUG msg="login validation error " errors="map[LoginUser.Email:Emailの長さは少なくとも8文字はなければなりません LoginUser.Password:Passwordの長さは少なくとも8文字はなければなりません]" file=/opt/go/app/controllers/route_auth.go func=go-sample-todo/app/controllers.validateAuthenticate line=125
2025/08/17 06:13:24 server.go:3640: http: panic serving [::1]:47166: template: login.html:36: bad character U+005D ']'
goroutine 34 [running]:
net/http.(*conn).serve.func1()
	/usr/local/go/src/net/http/server.go:1947 +0x13f
panic({0xd7f840?, 0xc0003155a0?})
	/usr/local/go/src/runtime/panic.go:792 +0x136
html/template.Must(0x0, {0xe8a680, 0xc0003155a0})
	/usr/local/go/src/html/template/template.go:368 +0x86
go-sample-todo/app/controllers.generateAuthHTML({0xe8dc78, 0xc000380000}, {0xd96b60, 0xc00030ab40}, {0xc000229468, 0x2, 0x2})
	/opt/go/app/controllers/routing.go:40 +0x2cf
go-sample-todo/app/controllers.authenticate({0xe8dc78, 0xc000380000}, 0xc00036c000)
	/opt/go/app/controllers/route_auth.go:158 +0xe8f
net/http.HandlerFunc.ServeHTTP(0xe48e60, {0xe8dc78, 0xc000380000}, 0xc00036c000)
	/usr/local/go/src/net/http/server.go:2294 +0x33
net/http.(*ServeMux).ServeHTTP(0x123b140, {0xe8dc78, 0xc000380000}, 0xc00036c000)
	/usr/local/go/src/net/http/server.go:2822 +0x3c2
net/http.serverHandler.ServeHTTP({0xc000332000}, {0xe8dc78, 0xc000380000}, 0xc00036c000)
	/usr/local/go/src/net/http/server.go:3301 +0x257
net/http.(*conn).serve(0xc00034c090, {0xe8e580, 0xc000322aa0})
	/usr/local/go/src/net/http/server.go:2102 +0x1b75
created by net/http.(*Server).Serve in goroutine 1
	/usr/local/go/src/net/http/server.go:3454 +0xa9a
time=2025-08-17T06:13:32.500Z level=DEBUG msg="login validation error " errors="map[LoginUser.Email:Emailの長さは少なくとも8文字はなければなりません LoginUser.Password:Passwordの長さは少なくとも8文字はなければなりません]" file=/opt/go/app/controllers/route_auth.go func=go-sample-todo/app/controllers.validateAuthenticate line=125
2025/08/17 06:13:32 server.go:3640: http: panic serving [::1]:42760: template: login.html:36: bad character U+005D ']'
goroutine 36 [running]:
net/http.(*conn).serve.func1()
	/usr/local/go/src/net/http/server.go:1947 +0x13f
panic({0xd7f840?, 0xc0003cc8f0?})
	/usr/local/go/src/runtime/panic.go:792 +0x136
html/template.Must(0x0, {0xe8a680, 0xc0003cc8f0})
	/usr/local/go/src/html/template/template.go:368 +0x86
go-sample-todo/app/controllers.generateAuthHTML({0xe8dc78, 0xc0003800e0}, {0xd96b60, 0xc0003ca0f0}, {0xc000229468, 0x2, 0x2})
	/opt/go/app/controllers/routing.go:40 +0x2cf
go-sample-todo/app/controllers.authenticate({0xe8dc78, 0xc0003800e0}, 0xc00036c140)
	/opt/go/app/controllers/route_auth.go:158 +0xe8f
net/http.HandlerFunc.ServeHTTP(0xe48e60, {0xe8dc78, 0xc0003800e0}, 0xc00036c140)
	/usr/local/go/src/net/http/server.go:2294 +0x33
net/http.(*ServeMux).ServeHTTP(0x123b140, {0xe8dc78, 0xc0003800e0}, 0xc00036c140)
	/usr/local/go/src/net/http/server.go:2822 +0x3c2
net/http.serverHandler.ServeHTTP({0xc000332000}, {0xe8dc78, 0xc0003800e0}, 0xc00036c140)
	/usr/local/go/src/net/http/server.go:3301 +0x257
net/http.(*conn).serve(0xc00034c360, {0xe8e580, 0xc000322be0})
	/usr/local/go/src/net/http/server.go:2102 +0x1b75
created by net/http.(*Server).Serve in goroutine 1
	/usr/local/go/src/net/http/server.go:3454 +0xa9a
time=2025-08-17T06:15:10.680Z level=DEBUG msg="login validation error " errors="map[LoginUser.Email:Emailの長さは少なくとも8文字はなければなりません LoginUser.Password:Passwordの長さは少なくとも8文字はなければなりません]" file=/opt/go/app/controllers/route_auth.go func=go-sample-todo/app/controllers.validateAuthenticate line=125
time=2025-08-17T06:27:19.603Z level=DEBUG msg="debug Logging start" output=multi file=logs/app.log
time=2025-08-17T06:27:19.604Z level=DEBUG msg="start " file=/opt/go/main.go line=40 funcName=main.main
time=2025-08-17T06:27:19.604Z level=DEBUG msg="DB access init " funcName=go-sample-todo/app/models.InitDb file=/opt/go/app/models/base.go line=29
time=2025-08-17T06:27:19.604Z level=DEBUG msg="DB access init " con="golang:golang@tcp(db:3306)/golang?charset=utf8mb4&parseTime=True&loc=Asia%2FTokyo" func=go-sample-todo/app/models.InitDb file=/opt/go/app/models/base.go line=44
time=2025-08-17T06:27:19.636Z level=INFO msg="start Server " port=8881
time=2025-08-17T06:28:37.083Z level=DEBUG msg="login validation error " errors="map[LoginUser.Email:Emailの長さは少なくとも8文字はなければなりません LoginUser.Password:Passwordの長さは少なくとも8文字はなければなりません]" file=/opt/go/app/controllers/route_auth.go func=go-sample-todo/app/controllers.validateAuthenticate line=125
time=2025-08-17T06:37:58.841Z level=DEBUG msg="debug Logging start" output=multi file=logs/app.log
time=2025-08-17T06:37:58.842Z level=DEBUG msg="start " file=/opt/go/main.go line=40 funcName=main.main
time=2025-08-17T06:37:58.842Z level=DEBUG msg="DB access init " funcName=go-sample-todo/app/models.InitDb file=/opt/go/app/models/base.go line=29
time=2025-08-17T06:37:58.843Z level=DEBUG msg="DB access init " con="golang:golang@tcp(db:3306)/golang?charset=utf8mb4&parseTime=True&loc=Asia%2FTokyo" func=go-sample-todo/app/models.InitDb file=/opt/go/app/models/base.go line=44
time=2025-08-17T06:37:58.882Z level=INFO msg="start Server " port=8881
time=2025-08-17T06:38:36.129Z level=DEBUG msg="login validation error " errors="map[LoginUser.Email:Emailの長さは少なくとも8文字はなければなりません LoginUser.Password:Passwordの長さは少なくとも8文字はなければなりません]" file=/opt/go/app/controllers/route_auth.go func=go-sample-todo/app/controllers.validateAuthenticate line=133
time=2025-08-17T08:05:47.920Z level=DEBUG msg="debug Logging start" output=multi file=logs/app.log
time=2025-08-17T08:05:47.921Z level=DEBUG msg="start " file=/opt/go/main.go line=40 funcName=main.main
time=2025-08-17T08:05:47.921Z level=DEBUG msg="DB access init " funcName=go-sample-todo/app/models.InitDb file=/opt/go/app/models/base.go line=29
time=2025-08-17T08:05:47.921Z level=DEBUG msg="DB access init " con="golang:golang@tcp(db:3306)/golang?charset=utf8mb4&parseTime=True&loc=Asia%2FTokyo" func=go-sample-todo/app/models.InitDb file=/opt/go/app/models/base.go line=44
time=2025-08-17T08:05:47.963Z level=INFO msg="start Server " port=8881
time=2025-08-17T08:06:17.762Z level=DEBUG msg="login validation error " errors="map[LoginUser.Email:Emailの長さは少なくとも7文字はなければなりません LoginUser.Password:Passwordの長さは少なくとも8文字はなければなりません]" file=/opt/go/app/controllers/route_auth.go func=go-sample-todo/app/controllers.validateAuthenticate line=132
time=2025-08-17T08:06:45.160Z level=DEBUG msg="login validation error " errors=map[LoginUser.Password:Passwordの長さは少なくとも8文字はなければなりません] file=/opt/go/app/controllers/route_auth.go func=go-sample-todo/app/controllers.validateAuthenticate line=132
time=2025-08-17T08:06:53.300Z level=INFO msg="login Validation successful! " user=a@a.com file=/opt/go/app/controllers/route_auth.go func=go-sample-todo/app/controllers.validateAuthenticate line=151
time=2025-08-17T08:06:53.319Z level=INFO msg="login Error " email=a@a.com message="sql: no rows in result set" file=/opt/go/app/controllers/route_auth.go func=go-sample-todo/app/controllers.authenticate line=172
time=2025-08-17T08:14:09.277Z level=DEBUG msg="debug Logging start" output=multi file=logs/app.log
time=2025-08-17T08:14:09.277Z level=DEBUG msg="start " file=/opt/go/main.go line=40 funcName=main.main
time=2025-08-17T08:14:09.277Z level=DEBUG msg="DB access init " funcName=go-sample-todo/app/models.InitDb file=/opt/go/app/models/base.go line=29
time=2025-08-17T08:14:09.277Z level=DEBUG msg="DB access init " con="golang:golang@tcp(db:3306)/golang?charset=utf8mb4&parseTime=True&loc=Asia%2FTokyo" func=go-sample-todo/app/models.InitDb file=/opt/go/app/models/base.go line=44
time=2025-08-17T08:14:09.311Z level=INFO msg="start Server " port=8881
time=2025-08-17T08:14:42.239Z level=DEBUG msg="debug Logging start" output=multi file=logs/app.log
time=2025-08-17T08:14:42.242Z level=DEBUG msg="start " file=/opt/go/main.go line=40 funcName=main.main
time=2025-08-17T08:14:42.245Z level=DEBUG msg="DB access init " funcName=go-sample-todo/app/models.InitDb file=/opt/go/app/models/base.go line=29
time=2025-08-17T08:14:42.246Z level=DEBUG msg="DB access init " con="golang:golang@tcp(db:3306)/golang?charset=utf8mb4&parseTime=True&loc=Asia%2FTokyo" func=go-sample-todo/app/models.InitDb file=/opt/go/app/models/base.go line=44
time=2025-08-17T08:14:42.287Z level=INFO msg="start Server " port=8881
time=2025-08-17T08:14:56.374Z level=INFO msg="login Validation successful! " user=q@aa.com file=/opt/go/app/controllers/route_auth.go func=go-sample-todo/app/controllers.validateAuthenticate line=151
time=2025-08-17T08:14:56.376Z level=INFO msg="login Error " email=q@aa.com message="sql: no rows in result set" file=/opt/go/app/controllers/route_auth.go func=go-sample-todo/app/controllers.authenticate line=172
time=2025-08-17T08:15:45.792Z level=DEBUG msg="debug Logging start" output=multi file=logs/app.log
time=2025-08-17T08:15:45.792Z level=DEBUG msg="start " file=/opt/go/main.go line=40 funcName=main.main
time=2025-08-17T08:15:45.792Z level=DEBUG msg="DB access init " funcName=go-sample-todo/app/models.InitDb file=/opt/go/app/models/base.go line=29
time=2025-08-17T08:15:45.792Z level=DEBUG msg="DB access init " con="golang:golang@tcp(db:3306)/golang?charset=utf8mb4&parseTime=True&loc=Asia%2FTokyo" func=go-sample-todo/app/models.InitDb file=/opt/go/app/models/base.go line=44
time=2025-08-17T08:15:45.830Z level=INFO msg="start Server " port=8881
time=2025-08-17T08:16:01.613Z level=INFO msg="login Validation successful! " user=aaa@aaa.com file=/opt/go/app/controllers/route_auth.go func=go-sample-todo/app/controllers.validateAuthenticate line=151
time=2025-08-17T08:16:01.620Z level=INFO msg="login Error " email=aaa@aaa.com message="sql: no rows in result set" file=/opt/go/app/controllers/route_auth.go func=go-sample-todo/app/controllers.authenticate line=172
time=2025-08-17T08:20:26.321Z level=DEBUG msg="debug Logging start" output=multi file=logs/app.log
time=2025-08-17T08:20:26.326Z level=DEBUG msg="start " file=/opt/go/main.go line=40 funcName=main.main
time=2025-08-17T08:20:26.327Z level=DEBUG msg="DB access init " funcName=go-sample-todo/app/models.InitDb file=/opt/go/app/models/base.go line=29
time=2025-08-17T08:20:26.327Z level=DEBUG msg="DB access init " con="golang:golang@tcp(db:3306)/golang?charset=utf8mb4&parseTime=True&loc=Asia%2FTokyo" func=go-sample-todo/app/models.InitDb file=/opt/go/app/models/base.go line=44
time=2025-08-17T08:20:26.375Z level=INFO msg="start Server " port=8881
time=2025-08-17T08:20:49.447Z level=INFO msg="login Validation successful! " user=yamanaka@binosys.net file=/opt/go/app/controllers/route_auth.go func=go-sample-todo/app/controllers.validateAuthenticate line=151
time=2025-08-17T08:59:49.764Z level=DEBUG msg="debug Logging start" output=multi file=logs/app.log
time=2025-08-17T08:59:49.764Z level=DEBUG msg="start " file=/opt/go/main.go line=40 funcName=main.main
time=2025-08-17T08:59:49.764Z level=DEBUG msg="DB access init " funcName=go-sample-todo/app/models.InitDb file=/opt/go/app/models/base.go line=29
time=2025-08-17T08:59:49.764Z level=DEBUG msg="DB access init " con="golang:golang@tcp(db:3306)/golang?charset=utf8mb4&parseTime=True&loc=Asia%2FTokyo" func=go-sample-todo/app/models.InitDb file=/opt/go/app/models/base.go line=44
time=2025-08-17T08:59:49.789Z level=INFO msg="start Server " port=8881
time=2025-08-17T10:20:10.717Z level=DEBUG msg="debug Logging start" output=multi file=logs/app.log
time=2025-08-17T10:20:10.718Z level=DEBUG msg="start " file=/opt/go/main.go line=40 funcName=main.main
time=2025-08-17T10:20:10.718Z level=DEBUG msg="DB access init " funcName=go-sample-todo/app/models.InitDb file=/opt/go/app/models/base.go line=29
time=2025-08-17T10:20:10.718Z level=DEBUG msg="DB access init " con="golang:golang@tcp(db:3306)/golang?charset=utf8mb4&parseTime=True&loc=Asia%2FTokyo" func=go-sample-todo/app/models.InitDb file=/opt/go/app/models/base.go line=44
time=2025-08-17T10:20:10.749Z level=INFO msg="start Server " port=8881
time=2025-08-17T10:24:19.855Z level=DEBUG msg="debug Logging start" output=multi file=logs/app.log
time=2025-08-17T10:24:19.857Z level=DEBUG msg="start " file=/opt/go/main.go line=40 funcName=main.main
time=2025-08-17T10:24:19.858Z level=DEBUG msg="DB access init " funcName=go-sample-todo/app/models.InitDb file=/opt/go/app/models/base.go line=29
time=2025-08-17T10:24:19.858Z level=DEBUG msg="DB access init " con="golang:golang@tcp(db:3306)/golang?charset=utf8mb4&parseTime=True&loc=Asia%2FTokyo" func=go-sample-todo/app/models.InitDb file=/opt/go/app/models/base.go line=44
time=2025-08-17T10:24:19.914Z level=INFO msg="start Server " port=8881
time=2025-08-17T10:24:41.141Z level=DEBUG msg="debug Logging start" output=multi file=logs/app.log
time=2025-08-17T10:24:41.141Z level=DEBUG msg="start " file=/opt/go/main.go line=40 funcName=main.main
time=2025-08-17T10:24:41.141Z level=DEBUG msg="DB access init " funcName=go-sample-todo/app/models.InitDb file=/opt/go/app/models/base.go line=29
time=2025-08-17T10:24:41.141Z level=DEBUG msg="DB access init " con="golang:golang@tcp(db:3306)/golang?charset=utf8mb4&parseTime=True&loc=Asia%2FTokyo" func=go-sample-todo/app/models.InitDb file=/opt/go/app/models/base.go line=44
time=2025-08-17T10:24:41.167Z level=INFO msg="start Server " port=8881
time=2025-08-17T10:40:08.436Z level=DEBUG msg="debug Logging start" output=multi file=logs/app.log
time=2025-08-17T10:40:08.437Z level=DEBUG msg="start " file=/opt/go/main.go line=40 funcName=main.main
time=2025-08-17T10:40:08.437Z level=DEBUG msg="DB access init " funcName=go-sample-todo/app/models.InitDb file=/opt/go/app/models/base.go line=29
time=2025-08-17T10:40:08.437Z level=DEBUG msg="DB access init " con="golang:golang@tcp(db:3306)/golang?charset=utf8mb4&parseTime=True&loc=Asia%2FTokyo" func=go-sample-todo/app/models.InitDb file=/opt/go/app/models/base.go line=44
time=2025-08-17T10:40:08.479Z level=INFO msg="start Server " port=8881
time=2025-08-17T10:44:00.839Z level=DEBUG msg="debug Logging start" output=multi file=logs/app.log
time=2025-08-17T10:44:00.840Z level=DEBUG msg="start " file=/opt/go/main.go line=40 funcName=main.main
time=2025-08-17T10:44:00.843Z level=DEBUG msg="DB access init " funcName=go-sample-todo/app/models.InitDb file=/opt/go/app/models/base.go line=29
time=2025-08-17T10:44:00.843Z level=DEBUG msg="DB access init " con="golang:golang@tcp(db:3306)/golang?charset=utf8mb4&parseTime=True&loc=Asia%2FTokyo" func=go-sample-todo/app/models.InitDb file=/opt/go/app/models/base.go line=44
time=2025-08-17T10:44:00.887Z level=INFO msg="start Server " port=8881
time=2025-08-17T10:44:33.890Z level=DEBUG msg="debug Logging start" output=multi file=logs/app.log
time=2025-08-17T10:44:33.891Z level=DEBUG msg="start " file=/opt/go/main.go line=40 funcName=main.main
time=2025-08-17T10:44:33.891Z level=DEBUG msg="DB access init " funcName=go-sample-todo/app/models.InitDb file=/opt/go/app/models/base.go line=29
time=2025-08-17T10:44:33.891Z level=DEBUG msg="DB access init " con="golang:golang@tcp(db:3306)/golang?charset=utf8mb4&parseTime=True&loc=Asia%2FTokyo" func=go-sample-todo/app/models.InitDb file=/opt/go/app/models/base.go line=44
time=2025-08-17T10:44:33.930Z level=INFO msg="start Server " port=8881
time=2025-08-17T10:50:21.944Z level=DEBUG msg="debug Logging start" output=multi file=logs/app.log
time=2025-08-17T10:50:21.945Z level=DEBUG msg="start " file=/opt/go/main.go line=40 funcName=main.main
time=2025-08-17T10:50:21.945Z level=DEBUG msg="DB access init " funcName=go-sample-todo/app/models.InitDb file=/opt/go/app/models/base.go line=29
time=2025-08-17T10:50:21.946Z level=DEBUG msg="DB access init " con="golang:golang@tcp(db:3306)/golang?charset=utf8mb4&parseTime=True&loc=Asia%2FTokyo" func=go-sample-todo/app/models.InitDb file=/opt/go/app/models/base.go line=44
time=2025-08-17T10:50:21.983Z level=INFO msg="start Server " port=8881
time=2025-08-17T10:53:51.032Z level=INFO msg="login Validation successful! " user=yamanaka@binosys.net file=/opt/go/app/controllers/route_auth.go func=go-sample-todo/app/controllers.validateLoginAuth line=217
time=2025-08-17T10:54:24.459Z level=INFO msg="login Validation successful! " user=yamanaka@binosys.net file=/opt/go/app/controllers/route_auth.go func=go-sample-todo/app/controllers.validateLoginAuth line=217
time=2025-08-17T11:21:13.881Z level=DEBUG msg="debug Logging start" output=multi file=logs/app.log
time=2025-08-17T11:21:13.881Z level=DEBUG msg="start " file=/opt/go/main.go line=40 funcName=main.main
time=2025-08-17T11:21:13.882Z level=DEBUG msg="DB access init " funcName=go-sample-todo/app/models.InitDb file=/opt/go/app/models/base.go line=29
time=2025-08-17T11:21:13.882Z level=DEBUG msg="DB access init " con="golang:golang@tcp(db:3306)/golang?charset=utf8mb4&parseTime=True&loc=Asia%2FTokyo" func=go-sample-todo/app/models.InitDb file=/opt/go/app/models/base.go line=44
time=2025-08-17T11:21:14.082Z level=INFO msg="start Server " port=8881
time=2025-08-17T11:21:46.571Z level=INFO msg="login Validation successful! " user=yamanaka@binosys.net file=/opt/go/app/controllers/route_auth.go func=go-sample-todo/app/controllers.validateLoginAuth line=217
2025/08/17 11:21:46 users.go:107: Error 1136 (21S01): Column count doesn't match value count at row 1
2025/08/17 11:21:46 route_auth.go:247: sql: no rows in result set
time=2025-08-17T11:22:54.688Z level=DEBUG msg="debug Logging start" output=multi file=logs/app.log
time=2025-08-17T11:22:54.691Z level=DEBUG msg="start " file=/opt/go/main.go line=40 funcName=main.main
time=2025-08-17T11:22:54.693Z level=DEBUG msg="DB access init " funcName=go-sample-todo/app/models.InitDb file=/opt/go/app/models/base.go line=29
time=2025-08-17T11:22:54.694Z level=DEBUG msg="DB access init " con="golang:golang@tcp(db:3306)/golang?charset=utf8mb4&parseTime=True&loc=Asia%2FTokyo" func=go-sample-todo/app/models.InitDb file=/opt/go/app/models/base.go line=44
time=2025-08-17T11:22:54.769Z level=INFO msg="start Server " port=8881
time=2025-08-17T11:23:34.476Z level=INFO msg="login Validation successful! " user=yamanaka@binosys.net file=/opt/go/app/controllers/route_auth.go func=go-sample-todo/app/controllers.validateLoginAuth line=217
2025/08/17 11:23:34 users.go:107: Error 1136 (21S01): Column count doesn't match value count at row 1
2025/08/17 11:23:34 route_auth.go:247: sql: no rows in result set
time=2025-08-17T11:46:15.889Z level=DEBUG msg="debug Logging start" output=multi file=logs/app.log
time=2025-08-17T11:46:15.890Z level=DEBUG msg="start " file=/opt/go/main.go line=40 funcName=main.main
time=2025-08-17T11:46:15.890Z level=DEBUG msg="DB access init " funcName=go-sample-todo/app/models.InitDb file=/opt/go/app/models/base.go line=29
time=2025-08-17T11:46:15.890Z level=DEBUG msg="DB access init " con="golang:golang@tcp(db:3306)/golang?charset=utf8mb4&parseTime=True&loc=Asia%2FTokyo" func=go-sample-todo/app/models.InitDb file=/opt/go/app/models/base.go line=44
time=2025-08-17T11:46:15.924Z level=INFO msg="start Server " port=8881
time=2025-08-17T11:46:31.886Z level=INFO msg="login Validation successful! " user=yamanaka@binosys.net file=/opt/go/app/controllers/route_auth.go func=go-sample-todo/app/controllers.validateLoginAuth line=214
2025/08/17 11:46:31 route_auth.go:241: sql: expected 5 destination arguments in Scan, not 6
time=2025-08-17T11:48:13.103Z level=DEBUG msg="debug Logging start" output=multi file=logs/app.log
time=2025-08-17T11:48:13.103Z level=DEBUG msg="start " file=/opt/go/main.go line=40 funcName=main.main
time=2025-08-17T11:48:13.103Z level=DEBUG msg="DB access init " funcName=go-sample-todo/app/models.InitDb file=/opt/go/app/models/base.go line=29
time=2025-08-17T11:48:13.103Z level=DEBUG msg="DB access init " con="golang:golang@tcp(db:3306)/golang?charset=utf8mb4&parseTime=True&loc=Asia%2FTokyo" func=go-sample-todo/app/models.InitDb file=/opt/go/app/models/base.go line=44
time=2025-08-17T11:48:13.137Z level=INFO msg="start Server " port=8881
time=2025-08-17T11:48:30.012Z level=DEBUG msg="debug Logging start" output=multi file=logs/app.log
time=2025-08-17T11:48:30.015Z level=DEBUG msg="start " file=/opt/go/main.go line=40 funcName=main.main
time=2025-08-17T11:48:30.015Z level=DEBUG msg="DB access init " funcName=go-sample-todo/app/models.InitDb file=/opt/go/app/models/base.go line=29
time=2025-08-17T11:48:30.015Z level=DEBUG msg="DB access init " con="golang:golang@tcp(db:3306)/golang?charset=utf8mb4&parseTime=True&loc=Asia%2FTokyo" func=go-sample-todo/app/models.InitDb file=/opt/go/app/models/base.go line=44
time=2025-08-17T11:48:30.047Z level=INFO msg="start Server " port=8881
time=2025-08-17T11:48:47.729Z level=INFO msg="login Validation successful! " user=yamanaka@binosys.net file=/opt/go/app/controllers/route_auth.go func=go-sample-todo/app/controllers.validateLoginAuth line=214
time=2025-08-17T12:45:57.516Z level=DEBUG msg="debug Logging start" output=multi file=logs/app.log
time=2025-08-17T12:45:57.518Z level=DEBUG msg="start " file=/opt/go/main.go line=40 funcName=main.main
time=2025-08-17T12:45:57.518Z level=DEBUG msg="DB access init " funcName=go-sample-todo/app/models.InitDb file=/opt/go/app/models/base.go line=29
time=2025-08-17T12:45:57.518Z level=DEBUG msg="DB access init " con="golang:golang@tcp(db:3306)/golang?charset=utf8mb4&parseTime=True&loc=Asia%2FTokyo" func=go-sample-todo/app/models.InitDb file=/opt/go/app/models/base.go line=44
time=2025-08-17T12:45:57.556Z level=INFO msg="start Server " port=8881
time=2025-08-17T12:48:16.892Z level=DEBUG msg="debug Logging start" output=multi file=logs/app.log
time=2025-08-17T12:48:16.892Z level=DEBUG msg="start " file=/opt/go/main.go line=40 funcName=main.main
time=2025-08-17T12:48:16.892Z level=DEBUG msg="DB access init " funcName=go-sample-todo/app/models.InitDb file=/opt/go/app/models/base.go line=29
time=2025-08-17T12:48:16.892Z level=DEBUG msg="DB access init " con="golang:golang@tcp(db:3306)/golang?charset=utf8mb4&parseTime=True&loc=Asia%2FTokyo" func=go-sample-todo/app/models.InitDb file=/opt/go/app/models/base.go line=44
time=2025-08-17T12:48:16.931Z level=INFO msg="start Server " port=8881
time=2025-08-17T12:49:08.296Z level=INFO msg="login Validation successful! " user=yamanaka@binosys.net file=/opt/go/app/controllers/route_auth.go func=go-sample-todo/app/controllers.validateLoginAuth line=214
